Track URI,Track Name,Album Name,Artist Name(s),Release Date,Duration (ms),Popularity,Explicit,Added By,Added At,Genres,Record Label,Danceability,Energy,Key,Loudness,Mode,Speechiness,Acousticness,Instrumentalness,Liveness,Valence,Tempo,Time Signature
spotify:track:4oq7ZcAsudTyMAyf0hKo42,"Cuando la nostalgia aprieta","Cuando la nostalgia aprieta","Beltran;Fulston",2023-03-03,117000,31,false,31rtpyuaddhriw67bslugt3j7zby,2024-06-06T12:54:28Z,"","B DE BANANA",0.605,0.64,8,-9.111,1,0.305,0.372,0,0.125,0.201,100.032,4
spotify:track:6Ej77KSD44rQrSQXoDNcst,"Planetas","Planetas","Beltran;Elena Torres;MPV",2022-07-22,168476,0,false,31rtpyuaddhriw67bslugt3j7zby,2024-06-06T12:54:28Z,"flamenco urbano","Naz4ri Music",0.651,0.694,1,-5.061,1,0.0453,0.466,0.00261,0.116,0.619,150.944,4
spotify:track:4IXLJpcQ2zh12bsbMA0PcE,"Verte","Verte","Beltran;Nare",2022-05-05,157008,31,false,31rtpyuaddhriw67bslugt3j7zby,2024-06-06T12:54:28Z,"","B DE BANANA",0.525,0.36,4,-9.948,1,0.0314,0.432,0.00000172,0.112,0.252,102.226,4
spotify:track:5LdO3QL9tD6kRgK8LYxBiV,"Luna Negra","La Memoria del Agua","Beltran",2017-01-05,141000,36,true,31rtpyuaddhriw67bslugt3j7zby,2024-06-06T12:54:28Z,"","B DE BANANA",0.835,0.568,0,-14.759,1,0.226,0.635,0.00000322,0.098,0.437,100.041,4
spotify:track:3QFtJWOknjS5PzEr9tfXRJ,"Si no estoy","Si no estoy","Beltran;Fulston",2022-04-01,194040,35,false,31rtpyuaddhriw67bslugt3j7zby,2024-06-06T12:54:28Z,"","B DE BANANA",0.466,0.43,4,-9.16,0,0.0635,0.299,0,0.111,0.0601,110.042,4
spotify:track:2S2kNCP7UbhN08DxZ5U1HM,"corazón partío","corazón partío","Beltran;Nare",2022-10-21,191015,30,false,31rtpyuaddhriw67bslugt3j7zby,2024-06-06T12:54:28Z,"","Ditto",0.547,0.259,4,-15.51,1,0.0424,0.744,0.00000453,0.142,0.236,91.979,4
spotify:track:0OPyUMI6YKTDfdFfAb2YOh,"Oye Mama","Oye Mama","Beltran",2020-02-14,205560,31,false,31rtpyuaddhriw67bslugt3j7zby,2024-06-06T12:54:28Z,"","B DE BANANA",0.705,0.666,8,-10.56,1,0.393,0.807,0.000117,0.104,0.368,180.089,4
spotify:track:6XLiTjTYhyq2m7j1kWZeNp,"30 monedas (feat. D3llano)","30 monedas (feat. D3llano)","Bianca Mui;Beltran;Delgao;D3llano",2021-04-30,210995,29,false,31rtpyuaddhriw67bslugt3j7zby,2024-06-06T12:54:28Z,"","WM Spain",0.814,0.485,6,-8.617,0,0.133,0.0866,0,0.0882,0.811,149.978,4
spotify:track:4B8cHX5qO0A0lkwsGmQAHi,"Otro bar","Otro bar","Beltran;Nare",2023-03-31,158965,15,true,31rtpyuaddhriw67bslugt3j7zby,2024-06-06T12:54:28Z,"","Ditto",0.535,0.952,5,-6.696,0,0.0873,0.0436,0.00000278,0.326,0.68,164.941,4
spotify:track:4m7TlkS9y5sryvZe8b8eH7,"Sálvese Quien Pueda","Sálvese Quien Pueda","Beltran",2021-01-08,151794,22,false,31rtpyuaddhriw67bslugt3j7zby,2024-06-06T12:54:28Z,"","BoltMusic",0.708,0.458,11,-8.895,1,0.413,0.359,0,0.104,0.489,175.501,4
spotify:track:1IuiNR0JkxJTNv2vLBPHvD,"el idioma de las luces","el idioma de las luces","Beltran;Nare",2023-06-15,152275,23,false,31rtpyuaddhriw67bslugt3j7zby,2024-06-06T12:54:28Z,"","Ditto",0.518,0.705,3,-11.059,1,0.151,0.282,0,0.144,0.379,144.835,4
spotify:track:4Cuh8Cf2aP6iVglKEOKPmI,"Días de Verano","Días de Verano","Beltran;Only",2021-06-10,177391,21,false,31rtpyuaddhriw67bslugt3j7zby,2024-06-06T12:54:28Z,"","BoltMusic",0.492,0.702,0,-7.752,1,0.0757,0.245,0,0.104,0.623,183.933,4
spotify:track:6fWPTTEnhBZXQIjWpuuNQM,"Loko","Loko","Beltran;Bianca Mui",2020-07-09,229080,22,true,31rtpyuaddhriw67bslugt3j7zby,2024-06-06T12:54:28Z,"","B DE BANANA",0.803,0.652,5,-8.523,1,0.217,0.679,0.000338,0.135,0.247,89.997,4
spotify:track:7mSGiJBtHjJOTagu4BVfSt,"Flojera","Flojera","Beltran",2023-06-22,163381,8,false,31rtpyuaddhriw67bslugt3j7zby,2024-06-06T12:54:28Z,"","Ditto",0.66,0.698,8,-7.966,1,0.0867,0.657,0,0.133,0.653,97.015,4
spotify:track:14peTBFdntcVUFUJgQIlLn,"Reverse","Reverse","Beltran",2016-07-10,202104,21,true,31rtpyuaddhriw67bslugt3j7zby,2024-06-06T12:54:28Z,"","B DE BANANA",0.593,0.549,10,-12.398,1,0.483,0.594,0.00000417,0.155,0.059,180.233,4
spotify:track:7M2e1G2CXoCUyhoEA7a1cY,"Otro Vuelco al Corazón","Otro Vuelco al Corazón","Sanju;Beltran;J Holland",2023-09-29,201739,22,true,31rtpyuaddhriw67bslugt3j7zby,2024-06-06T12:54:28Z,"","Ditto",0.627,0.784,6,-7.375,1,0.17,0.179,0.000148,0.395,0.323,99.974,4
spotify:track:6zPj3gbe3hncWpBFLgAAuG,"Tus Ojos y Ojeras","Tus Ojos y Ojeras","Beltran",2020-12-04,252385,20,false,31rtpyuaddhriw67bslugt3j7zby,2024-06-06T12:54:28Z,"","Acqustic",0.49,0.483,10,-11.363,1,0.0468,0.0231,0,0.126,0.478,159.997,4
spotify:track:6W2cNi8hFxbOrSB8DzWvbB,"Disimula - Remake Mortis Causa #3","Mortis Causa Series","Beltran",2018-04-25,165024,21,true,31rtpyuaddhriw67bslugt3j7zby,2024-06-06T12:54:28Z,"","B DE BANANA",0.827,0.607,6,-8.642,0,0.215,0.504,0,0.0972,0.575,94.01,4
spotify:track:6220M58IZf1wTxeDz4j9Hn,"Contigo Me Enciendo","Contigo Me Enciendo","Beltran;Bianca Mui",2020-09-24,193469,16,false,31rtpyuaddhriw67bslugt3j7zby,2024-06-06T12:54:28Z,"","BoltMusic",0.794,0.576,1,-6.206,1,0.0526,0.375,0.00484,0.0986,0.246,97.983,4
spotify:track:5qOysC8kdctS3V7s20PHYq,"Fénix","Fénix","Beltran",2019-12-20,163080,7,false,31rtpyuaddhriw67bslugt3j7zby,2024-06-06T12:54:28Z,"","Ditto",0.325,0.449,11,-9.968,1,0.156,0.54,0,0.0997,0.177,178.182,3
spotify:track:6ChPgWAw5385XIaeSRIuTR,"Bruja","Bruja","Beltran;Nare",2021-07-29,184284,8,false,31rtpyuaddhriw67bslugt3j7zby,2024-06-06T12:54:28Z,"","BoltMusic",0.466,0.595,2,-8.834,1,0.0636,0.825,0,0.0815,0.203,83.709,4
spotify:track:2e6KO1PFbSSfPoiotokkjH,"Flores en tu puerta","La Memoria del Agua","Beltran",2017-01-05,142032,12,false,31rtpyuaddhriw67bslugt3j7zby,2024-06-06T12:54:28Z,"","B DE BANANA",0.626,0.561,2,-12.787,1,0.238,0.653,0,0.109,0.441,74.793,4
spotify:track:5hPBoIvjE6suhjbFVoPFVW,"Volar","Demons","Beltran",2019-03-22,167933,0,false,31rtpyuaddhriw67bslugt3j7zby,2024-06-06T12:54:28Z,"","Boa Musica / Bolt Music distributed by Altafonte",0.625,0.645,8,-7.817,0,0.0512,0.0204,0,0.147,0.101,129.962,4
spotify:track:1pcPbo6qBKxSkj6FJqKIT7,"Tanto Tiempo","Tanto Tiempo","Beltran",2017-09-20,228312,19,true,31rtpyuaddhriw67bslugt3j7zby,2024-06-06T12:54:28Z,"","B DE BANANA",0.738,0.597,9,-11.038,1,0.0917,0.131,0,0.11,0.125,109.942,4
spotify:track:6XWd5duUlW8ueW8leUGFVz,"Guapa","Guapa","Beltran;Bianca Mui;Dopenope",2021-07-02,198000,7,false,31rtpyuaddhriw67bslugt3j7zby,2024-06-06T12:54:28Z,"","BoltMusic",0.714,0.615,8,-8.033,1,0.0264,0.732,0.147,0.0931,0.537,104.963,4
spotify:track:2ciX0gpFEVVm9kyFCmpOpr,"Mum","La Memoria del Agua","Beltran",2017-01-05,106008,6,false,31rtpyuaddhriw67bslugt3j7zby,2024-06-06T12:54:28Z,"","B DE BANANA",0.758,0.328,4,-18.351,0,0.0641,0.286,0.00000116,0.121,0.0369,110.036,4
spotify:track:5IKCuNJd8zwyyU1YRGEnsu,"Última Cena","Demons","Beltran;Lionware",2019-03-22,223880,0,false,31rtpyuaddhriw67bslugt3j7zby,2024-06-06T12:54:28Z,"","Boa Musica / Bolt Music distributed by Altafonte",0.604,0.534,6,-8.957,0,0.258,0.0728,0.00000153,0.133,0.285,165.986,3
spotify:track:1SBcQsjhPcak7aZ96CCAUO,"Gone (Mortis Causa #9)","Mortis Causa Series","Beltran",2018-04-25,152015,5,true,31rtpyuaddhriw67bslugt3j7zby,2024-06-06T12:54:28Z,"","B DE BANANA",0.55,0.756,9,-8.216,0,0.065,0.89,0.00000248,0.106,0.195,129.888,4
spotify:track:3HZc4Jmrn9rZk9qnDQoDil,"Llámame","Llámame","Beltran",2017-11-22,149040,5,false,31rtpyuaddhriw67bslugt3j7zby,2024-06-06T12:54:28Z,"","Ditto",0.612,0.637,7,-8.949,1,0.333,0.906,0.00000125,0.0876,0.153,89.861,4
spotify:track:1wa3hpBE6e4E3xKcgurGYj,"Alone","La Memoria del Agua","Beltran",2017-01-05,111024,6,false,31rtpyuaddhriw67bslugt3j7zby,2024-06-06T12:54:28Z,"","B DE BANANA",0.605,0.523,9,-10.055,1,0.145,0.73,0,0.139,0.0615,89.586,4
spotify:track:4xdpoSmoz2QcIr3xsywdD3,"Anochecer","Demons","Beltran",2019-03-22,210773,0,false,31rtpyuaddhriw67bslugt3j7zby,2024-06-06T12:54:28Z,"","Boa Musica / Bolt Music distributed by Altafonte",0.467,0.644,11,-10.091,1,0.242,0.431,0,0.166,0.113,80.128,4
spotify:track:4ffcSmvBo0T1qC9GVcq5s1,"Como Tú y Yo","Como Tú y Yo","Beltran",2021-02-11,277000,6,false,31rtpyuaddhriw67bslugt3j7zby,2024-06-06T12:54:28Z,"","BoltMusic",0.699,0.761,8,-8.757,0,0.264,0.338,0,0.122,0.691,115.095,4
spotify:track:55GvhzsHLJE71dEerbCAYH,"Inmortal","Inmortal","Beltran;Skone",2016-12-22,213263,0,true,31rtpyuaddhriw67bslugt3j7zby,2024-06-06T12:54:28Z,"freestyle","BoltMusic distributed by Altafonte",0.688,0.431,5,-15.275,0,0.429,0.0639,0,0.0773,0.187,159.971,4
spotify:track:4qheqZ30YnI6kfEOj6weiN,"Divisas","La Memoria del Agua","Beltran",2017-01-05,177000,3,true,31rtpyuaddhriw67bslugt3j7zby,2024-06-06T12:54:28Z,"","B DE BANANA",0.588,0.665,8,-9.336,0,0.505,0.174,0,0.108,0.516,176.295,4
spotify:track:4OeINj3oVokts2qG7rAfm9,"Broken","Demons","Beltran",2019-03-22,171693,0,false,31rtpyuaddhriw67bslugt3j7zby,2024-06-06T12:54:28Z,"","Boa Musica / Bolt Music distributed by Altafonte",0.483,0.93,4,-8.668,0,0.803,0.649,0,0.196,0.0737,177.959,4
spotify:track:65Yyf6jwHYC35I9y0RNtYk,"Lo de siempre","Lo de siempre","Beltran",2016-10-20,194015,6,false,31rtpyuaddhriw67bslugt3j7zby,2024-06-06T12:54:28Z,"","B DE BANANA",0.57,0.647,9,-11.452,1,0.41,0.597,0,0.105,0.0708,84.455,4
spotify:track:6FVWN1aVwDOs72T4kq9DsI,"entre lobos - Acústico","entre lobos","Ale Berraquero;Beltran",2019-05-13,200013,5,false,31rtpyuaddhriw67bslugt3j7zby,2024-06-06T12:54:28Z,"","BoltMusic",0.381,0.459,7,-10.618,0,0.0489,0.871,0.00000408,0.0902,0.46,91.376,4
spotify:track:2EqFbZaF0xJNIljQsZ136E,"Liquid","La Memoria del Agua","Beltran",2017-01-05,155040,7,false,31rtpyuaddhriw67bslugt3j7zby,2024-06-06T12:54:28Z,"","B DE BANANA",0.629,0.515,8,-12.519,0,0.2,0.455,0.00000196,0.107,0.274,90.119,4
spotify:track:4ZYPDIBmev9B7f7zrHO4fD,"Sad","Demons","Beltran;Viti Palazzo",2019-03-22,242133,0,false,31rtpyuaddhriw67bslugt3j7zby,2024-06-06T12:54:28Z,"","Boa Musica / Bolt Music distributed by Altafonte",0.592,0.499,4,-12.083,0,0.155,0.264,0,0.107,0.394,139.932,4
spotify:track:31dCeG31tbQSVmVy72laG4,"Chico Triste (Mortis Causa #7)","Mortis Causa Series","Beltran",2018-04-25,150048,6,true,31rtpyuaddhriw67bslugt3j7zby,2024-06-06T12:54:28Z,"","B DE BANANA",0.453,0.912,8,-9.713,1,0.537,0.756,0,0.208,0.574,178.329,4
spotify:track:40RYQVYdcqdzVfCxhGXyf9,"En Peligro de Extinción","En Peligro de Extinción","Beltran",2019-10-20,237024,6,true,31rtpyuaddhriw67bslugt3j7zby,2024-06-06T12:54:28Z,"","B DE BANANA",0.626,0.651,3,-8.227,0,0.072,0.507,0,0.0695,0.299,85.961,4
spotify:track:6CBNb2XJgIvRaJcsHRIdlO,"Sunday","Sunday","Beltran",2021-03-24,144827,4,false,31rtpyuaddhriw67bslugt3j7zby,2024-06-06T12:54:28Z,"","BoltMusic",0.723,0.529,9,-9.675,1,0.0865,0.301,0.0000101,0.166,0.576,116.082,4
spotify:track:00hDtbYfaFwZvE8QuuC9ot,"Adiós","Adiós","Beltran",2018-10-26,226853,0,false,31rtpyuaddhriw67bslugt3j7zby,2024-06-06T12:54:28Z,"","Boa Musica | Bolt Music distributed by Altafonte",0.343,0.671,8,-7.987,0,0.0575,0.191,0.179,0.225,0.23,110.601,3
spotify:track:3FhImtB4mgG10hAzJ75qv6,"Foreva - Mortis Causa #8","Mortis Causa Series","Beltran",2018-04-25,209015,4,true,31rtpyuaddhriw67bslugt3j7zby,2024-06-06T12:54:28Z,"","B DE BANANA",0.675,0.898,11,-5.339,0,0.184,0.612,0.000829,0.362,0.719,90.028,4
spotify:track:1jlwG8z0hWXlotF3Xm9YjG,"Te He Buscado","Demons","Beltran",2019-03-22,174293,0,false,31rtpyuaddhriw67bslugt3j7zby,2024-06-06T12:54:28Z,"","Boa Musica / Bolt Music distributed by Altafonte",0.583,0.569,11,-11.205,0,0.153,0.0214,0.098,0.106,0.146,80.094,4
spotify:track:10DghUUc5lQefUSZ89ktDa,"Warrior","Warrior","Beltran",2018-05-25,211240,0,false,31rtpyuaddhriw67bslugt3j7zby,2024-06-06T12:54:28Z,"","Boa Musica / Bolt Music distributed by Altafonte",0.665,0.953,6,-5.867,0,0.353,0.557,0,0.0924,0.543,90.014,4
spotify:track:1XLtlYd27TTjUCeXf2pixI,"Pantera","Pantera","Beltran",2018-01-27,148571,4,false,31rtpyuaddhriw67bslugt3j7zby,2024-06-06T12:54:28Z,"","BoltMusic",0.826,0.565,6,-10.388,0,0.178,0.396,0.000039,0.112,0.401,105.017,4
spotify:track:0kuTam8xuuavlyonvlaJJK,"Cruces Negras (Mortis Causa #2)","Mortis Causa Series","Beltran",2018-04-25,156095,5,true,31rtpyuaddhriw67bslugt3j7zby,2024-06-06T12:54:28Z,"","B DE BANANA",0.663,0.877,7,-7.991,1,0.367,0.372,0,0.37,0.484,126.994,4
spotify:track:6UyWDdG8hZs40w0JgA7TXn,"Criando Cuervos","Criando Cuervos","Beltran",2016-09-18,166008,5,false,31rtpyuaddhriw67bslugt3j7zby,2024-06-06T12:54:28Z,"","B DE BANANA",0.423,0.732,5,-11.4,1,0.536,0.783,0,0.0494,0.189,89.969,4
spotify:track:58p7fdyjLZ6wANnpmp3gPc,"Cartas Marcadas - Mortis Causa #1","Mortis Causa Series","Beltran",2018-04-25,192000,5,true,31rtpyuaddhriw67bslugt3j7zby,2024-06-06T12:54:28Z,"","B DE BANANA",0.53,0.788,2,-5.925,0,0.245,0.762,0.0000013,0.11,0.566,172.202,4
spotify:track:4M2LWuxwoZe0TLTiD8rsYp,"Tu Pelo","Tu Pelo","Adrifu;Beltran;MPV",2024-05-31,213659,1,false,31rtpyuaddhriw67bslugt3j7zby,2024-07-11T21:45:22Z,"flamenco urbano","Ophion Agency",0.716,0.837,1,-4.702,0,0.0925,0.184,0,0.0677,0.756,109.08,4
spotify:track:361r8vLK0bgSoiKHXPERyR,"Caro","Caro","Babi",2024-04-25,206399,48,false,31rtpyuaddhriw67bslugt3j7zby,2024-06-06T12:54:28Z,"","Babi",0.655,0.345,9,-10.365,0,0.0965,0.889,0.000009,0.117,0.546,149.93,4
spotify:track:3MrWbBl9WB14QDb62hYIe3,"Loca","Loca","Babi",2024-04-02,181621,50,false,31rtpyuaddhriw67bslugt3j7zby,2024-06-06T12:54:28Z,"","Babi",0.654,0.504,1,-5.38,1,0.155,0.829,0.00284,0.136,0.366,148.07,4
spotify:track:5KwzWrI7rj4O6Dj701hzpM,"Devuélvemelo","Devuélvemelo","Babi",2019-11-01,242546,59,false,31rtpyuaddhriw67bslugt3j7zby,2024-06-06T12:54:28Z,"","Babi",0.733,0.424,10,-9.855,0,0.299,0.661,0.0521,0.116,0.209,144.912,4
spotify:track:1Sedbo7kqP6PXnN5iKg183,"Lo jodiste","Lo jodiste","Babi",2019-08-16,271306,58,true,31rtpyuaddhriw67bslugt3j7zby,2024-06-06T12:54:28Z,"","Babi",0.735,0.415,0,-10.608,1,0.501,0.41,0.000145,0.0686,0.631,81.994,4
spotify:track:6WCE835xi0qL8qZVfPyosc,"Flores","Flores","Babi",2022-04-29,207354,56,false,31rtpyuaddhriw67bslugt3j7zby,2024-06-06T12:54:28Z,"","Babi",0.622,0.432,1,-6.203,0,0.0575,0.544,0.0754,0.29,0.362,126.79,5
spotify:track:3l5S5E88s273Zo8xhlH22e,"Duelo dulce","Duelo dulce","Babi",2019-05-09,129893,55,true,31rtpyuaddhriw67bslugt3j7zby,2024-06-06T12:54:28Z,"","Babi",0.792,0.415,8,-8.447,1,0.144,0.897,0,0.126,0.228,119.91,4
spotify:track:40NZgN1uNdeZzPKjkM1QIW,"NASA","NASA","Babi",2020-06-04,220075,56,false,31rtpyuaddhriw67bslugt3j7zby,2024-06-06T12:54:28Z,"","Sony Music Entertainment",0.582,0.4,1,-10.999,1,0.481,0.817,0.0333,0.124,0.413,139.187,4
spotify:track:3NUoEQ2W7pjFSOy08nXQed,"Colegas","Colegas","Babi",2019-09-20,245933,58,true,31rtpyuaddhriw67bslugt3j7zby,2024-06-06T12:54:28Z,"","Babi",0.792,0.459,0,-8.558,1,0.13,0.69,0.0000871,0.108,0.399,111.08,4
spotify:track:66INQAd3dSAst7uZOVbeWu,"Lo sabía","Lo sabía","Babi;Miranda",2020-01-16,199146,54,false,31rtpyuaddhriw67bslugt3j7zby,2024-06-06T12:54:28Z,"","Babi",0.809,0.576,1,-7.053,0,0.276,0.782,0,0.111,0.572,140.001,4
spotify:track:4tP0e7ZZuW7rc9hC33bS8K,"Tu nana","Tu nana","Babi",2019-06-09,182280,51,false,31rtpyuaddhriw67bslugt3j7zby,2024-06-06T12:54:28Z,"","Babi",0.813,0.495,9,-6.612,0,0.0506,0.684,0.0472,0.0886,0.332,100.014,4
spotify:track:4j6Nf23maQWh5oZWtiQAyV,"Desierto","Desierto","Babi",2019-01-01,226000,53,false,31rtpyuaddhriw67bslugt3j7zby,2024-06-06T12:54:28Z,"","Babi",0.655,0.444,1,-7.681,0,0.0412,0.661,0.00161,0.246,0.366,120.019,4
spotify:track:1JVm36iPfo7GLFKOGRxpsg,"Rota","Rota","Babi",2019-02-06,193440,51,false,31rtpyuaddhriw67bslugt3j7zby,2024-06-06T12:54:28Z,"","Babi",0.831,0.525,4,-11.065,0,0.29,0.795,0.00149,0.051,0.245,134.031,4
spotify:track:5T0LEY3SN2bMaO2K7dqv0V,"La Última Vez","La Última Vez","G Sony;Babi;OCTO",2020-02-14,190365,0,false,31rtpyuaddhriw67bslugt3j7zby,2024-06-06T12:54:28Z,"cuarteto,r&b latino,cumbia","OCTO Sound",0.516,0.381,5,-12.127,0,0.164,0.874,0,0.365,0.309,127.156,4
spotify:track:6jjZ0vcpMpXFPfJ4DAIorP,"Estigma","Atlántida (Versión Extendida)","Xenon;Babi",2018-11-24,216000,0,false,31rtpyuaddhriw67bslugt3j7zby,2024-06-06T12:54:28Z,"","Boa Musica / Bolt Music distributed by Altafonte",0.679,0.636,1,-8.753,0,0.0572,0.591,0,0.109,0.278,130.022,4
spotify:track:5863OGilEb1h8SN6BJIf2P,"Somos","Atlántida","Xenon;Babi",2018-11-23,204240,0,false,31rtpyuaddhriw67bslugt3j7zby,2024-06-06T12:54:28Z,"","Boa Musica / Bolt Music distributed by Altafonte",0.858,0.422,10,-10.392,1,0.106,0.837,0,0.126,0.685,107.017,4
spotify:track:0C21qHj3ebbxrRLqbjWnOT,"Incondicional","Incondicional","Babi",2021-02-25,170666,49,false,31rtpyuaddhriw67bslugt3j7zby,2024-06-06T12:54:28Z,"","Babi",0.582,0.496,2,-10.214,1,0.102,0.673,0.0827,0.246,0.687,88.127,4
spotify:track:1vfnJd5N9VRhGWvtNxwtqa,"Prioridades","Prioridades","Babi",2020-03-26,170586,50,false,31rtpyuaddhriw67bslugt3j7zby,2024-06-06T12:54:28Z,"","Babi",0.71,0.362,9,-9.328,1,0.403,0.852,0.00251,0.0819,0.467,80.137,4
spotify:track:73smEHFSeOtTFPpphikL7M,"Cocaína","Cocaína","Babi",2021-09-01,218106,50,true,31rtpyuaddhriw67bslugt3j7zby,2024-06-06T12:54:28Z,"","Babi",0.635,0.25,8,-10.814,1,0.0405,0.383,0.0234,0.176,0.193,125.923,4
spotify:track:7kWAWd1rt7Hyk9oOv6AGdu,"Game Ova","Game Ova","Babi",2019-12-15,213546,50,false,31rtpyuaddhriw67bslugt3j7zby,2024-06-06T12:54:28Z,"","Babi",0.847,0.492,0,-9.916,0,0.383,0.603,0,0.869,0.637,130.024,4
spotify:track:7GSO4ELAP08oZs3VtIJPZa,"No drama","No drama","Babi",2022-11-30,210989,48,false,31rtpyuaddhriw67bslugt3j7zby,2024-06-06T12:54:28Z,"","Babi",0.488,0.202,10,-15.72,0,0.173,0.849,0.00121,0.101,0.692,91.013,4
spotify:track:0k2S7GrwuyTHtn8n7yqGpQ,"Corales","Corales","Babi",2022-12-12,231000,48,false,31rtpyuaddhriw67bslugt3j7zby,2024-06-06T12:54:28Z,"","Babi",0.579,0.305,5,-16.034,1,0.0531,0.913,0.22,0.138,0.186,79.89,4
spotify:track:67NQPT5ntGXp1fLmAtp2kH,"Pa Ti","Pa Ti","Grind;Babi",2024-12-17,167142,45,false,315xwwjruou5735a6tm2ijxcblyi,2024-12-18T19:29:34Z,"drill","Stelars TV",0.722,0.518,7,-9.031,0,0.142,0.516,0.00717,0.108,0.543,139.956,4
spotify:track:3HV3ntf0fCvf6sbUEdiZS8,"Marte","Marte","Babi;Denom",2023-02-16,175200,47,false,31rtpyuaddhriw67bslugt3j7zby,2024-06-06T12:54:28Z,"","Babi",0.481,0.504,1,-7.158,0,0.0462,0.695,0.00531,0.103,0.139,132.772,5
spotify:track:575j2KAeLqyUoclBKjvdp6,"Low Key","Low Key","Babi",2019-08-13,182306,48,true,31rtpyuaddhriw67bslugt3j7zby,2024-06-06T12:54:28Z,"","Babi",0.801,0.524,5,-12.339,1,0.435,0.844,0.0809,0.107,0.291,160.021,4
spotify:track:6AYZBpC8MVeC1N7vEqRCPW,"De frente","De frente","Babi",2023-01-09,199024,47,false,31rtpyuaddhriw67bslugt3j7zby,2024-06-06T12:54:28Z,"","Babi",0.799,0.356,11,-9.067,0,0.585,0.416,0.42,0.1,0.345,163.995,4
spotify:track:5znseRP1uqmqPECGi58K4c,"A tus brazos no","A tus brazos no","Jonan;Babi",2019-03-13,235384,4,true,31rtpyuaddhriw67bslugt3j7zby,2024-06-06T12:54:28Z,"","Jonan",0.664,0.601,11,-9.802,1,0.211,0.416,0.000454,0.242,0.479,155.883,4
spotify:track:1wokiLX3p2kuBmgeHYdp11,"No queda na","No queda na","Babi;Marc Seguí",2019-11-21,203746,50,false,31rtpyuaddhriw67bslugt3j7zby,2024-06-06T12:54:28Z,"","Babi",0.782,0.583,2,-7.355,0,0.171,0.728,0.0000208,0.185,0.459,133.985,4
spotify:track:75w3eVEma8XuPfMwWsaSnN,"Nací pa esto","Nací pa esto","Babi",2021-01-18,251040,47,false,31rtpyuaddhriw67bslugt3j7zby,2024-06-06T12:54:28Z,"","Babi",0.604,0.307,5,-11.669,1,0.3,0.86,0.0301,0.126,0.224,114.795,4
spotify:track:0RapTUqTnVGQznaJcnefNX,"Morir de la Pena","Morir de la Pena","Denom;Babi;Nake",2022-05-26,224732,46,false,31rtpyuaddhriw67bslugt3j7zby,2024-06-06T12:54:28Z,"trap argentino","Denom",0.796,0.523,6,-6.941,0,0.0633,0.591,0.00655,0.114,0.348,110.088,4
spotify:track:1jhV4XajDfWpQAKoBsX8QR,"Amén","Amén","Babi",2020-12-15,212120,46,false,31rtpyuaddhriw67bslugt3j7zby,2024-06-06T12:54:28Z,"","Babi",0.796,0.403,6,-8.019,0,0.313,0.539,0.00349,0.123,0.62,79.073,4
spotify:track:7lE2GYjO8ogh2a7yTV2kUk,"Tregua (feat. Babi)","El Viaje de Trece","Xavibo;El Hombre Viento;Babi",2021-02-19,179278,46,true,31rtpyuaddhriw67bslugt3j7zby,2024-06-06T12:54:28Z,"","WM Spain",0.418,0.645,11,-9.374,1,0.311,0.567,0.000897,0.616,0.516,119.063,4
spotify:track:2PRrHvfU4Gsq9RVFMsB0F5,"Stressed Out","Stressed Out","Babi;Ly Raine",2019-10-04,233733,48,true,31rtpyuaddhriw67bslugt3j7zby,2024-06-06T12:54:28Z,"","Babi",0.598,0.565,10,-6.335,0,0.0739,0.867,0.00000835,0.112,0.298,114.921,4
spotify:track:4JFjInnwwkQ6NDcy7mtcia,"No somos iguales","No somos iguales","Babi",2022-11-10,168000,45,false,31rtpyuaddhriw67bslugt3j7zby,2024-06-06T12:54:28Z,"","Babi",0.803,0.578,8,-11.051,1,0.338,0.449,0.00274,0.178,0.432,90.023,4
spotify:track:1PbIKx9rhDslGVpW9Fo1Fq,"Lejos","Lejos","Babi;Albany",2022-12-22,201600,45,false,31rtpyuaddhriw67bslugt3j7zby,2024-06-06T12:54:28Z,"neoperreo","Babi",0.77,0.409,3,-10.887,0,0.0525,0.912,0.151,0.11,0.462,125.022,4
spotify:track:5d8znUEh8Ug8RUGl5iqezR,"Los mejores","Los mejores","Babi;Lamotta",2023-01-19,240000,43,false,31rtpyuaddhriw67bslugt3j7zby,2024-06-06T12:54:28Z,"","Babi",0.62,0.337,4,-12.6,0,0.296,0.835,0.0000065,0.0872,0.288,88.73,4
spotify:track:2uSJW6VyeeDUqJvFwR1izB,"Disney","Disney","Luna Ki;Babi",2021-02-01,260000,44,true,31rtpyuaddhriw67bslugt3j7zby,2024-06-06T12:54:28Z,"neoperreo","LUNA KI",0.741,0.63,1,-4.981,0,0.0454,0.344,0.000842,0.0883,0.261,90.505,4
spotify:track:5udSA2sOvJGdQm3GHL10ft,"Me Matarás (feat. Babi) - BSO No Matarás - CROSS THE LINE","Me Matarás (feat. Babi) [BSO No Matarás - CROSS THE LINE]","Macaco;Babi",2020-10-02,187125,39,false,31rtpyuaddhriw67bslugt3j7zby,2024-06-06T12:54:28Z,"reggae en español,música alternativa latina","Sony Music Entertainment",0.601,0.508,11,-8.304,0,0.0513,0.701,0,0.213,0.362,132.146,4
spotify:track:40R0F5A04kRcgG2JUJXDVK,"Mi Puesto","Oro Negro","Lopes;Babi",2020-03-13,236435,37,true,31rtpyuaddhriw67bslugt3j7zby,2024-06-06T12:54:28Z,"","Blanco y Negro Urban",0.616,0.796,9,-6.077,0,0.406,0.407,0,0.0726,0.799,174.766,4
spotify:track:52okn5MNA47tk87PeZJLEL,"Let You Down","Perception","NF",2017-10-06,212120,80,false,31rtpyuaddhriw67bslugt3j7zby,2024-06-06T12:54:28Z,"hip hop cristiano","NF Real Music",0.661,0.714,5,-5.68,0,0.121,0.314,0,0.179,0.464,147.998,4
spotify:track:3i5qVV8azKqGFK4Gzdt5YS,"If You Want Love","Perception","NF",2017-10-06,199386,73,false,31rtpyuaddhriw67bslugt3j7zby,2024-06-06T12:54:28Z,"hip hop cristiano","NF Real Music",0.552,0.386,0,-10.22,1,0.13,0.659,0,0.125,0.243,116.205,1
spotify:track:3EtyEzMpfKSaoVhPunvbRV,"Leave Me Alone","The Search","NF",2019-07-26,308651,63,false,31rtpyuaddhriw67bslugt3j7zby,2024-06-06T12:54:28Z,"hip hop cristiano","NF Real Music",0.722,0.741,1,-3.72,1,0.19,0.249,0,0.151,0.46,162.11,4
spotify:track:3eQ5XadgJDirGBxeulgyIX,"Rayito","Rayito","SAZZA",2022-05-20,171982,39,false,31rtpyuaddhriw67bslugt3j7zby,2024-06-06T12:54:28Z,"","Independent",0.735,0.455,7,-7.876,1,0.0579,0.326,0,0.181,0.206,116.032,4
spotify:track:0aQA9DP54h37OevE7hRc2a,"My Stress","The Search","NF",2019-07-26,252711,64,false,31rtpyuaddhriw67bslugt3j7zby,2024-06-06T12:54:28Z,"hip hop cristiano","NF Real Music",0.653,0.796,7,-4.05,0,0.245,0.24,0,0.108,0.405,160.026,4
spotify:track:4WzuNWUnof3KAS3F4fWINr,"Como te desconozco","Como te desconozco","SAZZA",2023-03-03,163000,32,true,31rtpyuaddhriw67bslugt3j7zby,2024-06-06T12:54:28Z,"","Independent",0.618,0.656,5,-5.531,1,0.0683,0.389,0,0.124,0.615,147.8,4
spotify:track:4cBlIM5AjnQ74f52Dv7T5K,"Change","The Search","NF",2019-07-26,234074,68,false,31rtpyuaddhriw67bslugt3j7zby,2024-06-06T12:54:28Z,"hip hop cristiano","NF Real Music",0.784,0.753,6,-4.099,0,0.213,0.438,0,0.167,0.532,116.959,4
spotify:track:5PdEiev2BkKiZtZFcNKjfM,"Hate Myself","The Search","NF",2019-07-26,260253,70,false,31rtpyuaddhriw67bslugt3j7zby,2024-06-06T12:54:28Z,"hip hop cristiano","NF Real Music",0.533,0.84,9,-5.283,0,0.167,0.234,0,0.114,0.361,116.882,4
spotify:track:7tTFZQ4IoVhG7tRuFgbUS4,"22:22","22:22","SAZZA",2022-07-22,161095,37,false,31rtpyuaddhriw67bslugt3j7zby,2024-06-06T12:54:28Z,"","Independent",0.521,0.337,8,-9.529,0,0.0694,0.792,0,0.125,0.239,145.659,4
spotify:track:0Oe5FDm7zS2cz4WDRW2erw,"LA LUNA","LA LUNA","SAZZA",2023-09-29,117777,28,false,31rtpyuaddhriw67bslugt3j7zby,2024-06-06T12:54:28Z,"","Peripecia Records",0.36,0.339,6,-9.442,1,0.0319,0.744,0.00000449,0.103,0.414,136.321,4
spotify:track:6MDbBn6KBYLh0uN90wbRJ6,"En el cielo","En el cielo","SAZZA",2024-03-29,143620,31,false,31rtpyuaddhriw67bslugt3j7zby,2024-06-06T12:54:28Z,"","Peripecia",0.613,0.578,1,-6.387,1,0.0962,0.775,0.0000105,0.116,0.367,93.802,4
spotify:track:4Tx3G1w0zZudKEGMaIASuS,"Nolosé","Nolosé","SAZZA",2023-11-24,159800,31,false,31rtpyuaddhriw67bslugt3j7zby,2024-06-06T12:54:28Z,"","Peripecia",0.51,0.472,9,-8.438,1,0.0478,0.616,0,0.306,0.346,149.661,4
spotify:track:0JFZ5UtKSCKVO7cPY3j1cB,"Humanos","Tengo Que Calmarme","Pol Granch",2020-06-26,219587,34,false,31rtpyuaddhriw67bslugt3j7zby,2024-06-06T12:54:28Z,"","Sony Music Entertainment",0.623,0.339,3,-9.065,1,0.0499,0.756,0,0.1,0.224,69.867,4
spotify:track:4O8rjTRUBKb5OUphQ3vftn,"Por Si Me Faltas","Por Si Me Faltas","Dante",2019-03-08,258976,46,true,31rtpyuaddhriw67bslugt3j7zby,2024-06-06T12:54:28Z,"","Dante",0.467,0.792,7,-9.585,1,0.663,0.812,0,0.0833,0.283,77.339,4
spotify:track:0z1YaNT1Ff7UwsNkc1QcLP,"Mal Viaje","Mal Viaje","SAZZA",2023-07-07,174666,20,true,31rtpyuaddhriw67bslugt3j7zby,2024-06-06T12:54:28Z,"","Independent",0.784,0.779,0,-5.792,1,0.182,0.128,0.0000802,0.461,0.541,90.05,4
spotify:track:75vgPQxopKdWx2YW9HMYEm,"Ni Estabas Ni Estarás","Mejor Que El Silencio","Nach",2011-01-01,213066,52,false,31rtpyuaddhriw67bslugt3j7zby,2024-06-06T12:54:28Z,"hip hop latino,rap","Universal Music Spain S.L.",0.649,0.949,9,-5.061,1,0.361,0.526,0,0.108,0.484,91.796,4
spotify:track:1m6RdQSrwnp86J5CkCizJV,"Mi Bro","Mi Bro","Piter-G",2020-08-08,177187,0,false,31rtpyuaddhriw67bslugt3j7zby,2024-06-06T12:54:28Z,"","BoltMusic",0.771,0.523,5,-6.474,1,0.0889,0.811,0,0.0617,0.964,160.006,4
spotify:track:3ZEno9fORwMA1HPecdLi0R,"HAPPY","HOPE","NF",2023-04-07,242691,75,false,31rtpyuaddhriw67bslugt3j7zby,2024-06-06T12:54:28Z,"hip hop cristiano","NF Real Music II",0.732,0.855,7,-4.064,1,0.0415,0.306,0,0.12,0.221,106.004,4
spotify:track:1N5BRNog6y5m1my4OEb9k1,"Solo Amigos","Solo Amigos","Piter-G",2021-11-29,177272,0,false,31rtpyuaddhriw67bslugt3j7zby,2024-06-06T12:54:28Z,"","BoltMusic",0.556,0.51,3,-5.621,1,0.289,0.235,0,0.112,0.678,89.4,4
spotify:track:219slQu3ALbTSAe9P22hvE,"Happiest Year","Feel Something (Deluxe)","Jaymes Young",2022-01-28,228442,75,false,31rtpyuaddhriw67bslugt3j7zby,2024-06-06T12:54:28Z,"","Please Rewind/Atlantic",0.502,0.168,1,-14.061,1,0.0486,0.885,0,0.111,0.355,112.881,3
spotify:track:55Am8neGJkdj2ADaM3aw5H,"Train Wreck","Back from the Edge","James Arthur",2016-10-28,208864,78,false,31rtpyuaddhriw67bslugt3j7zby,2024-06-06T12:54:28Z,"pop suave","Columbia",0.311,0.485,6,-5.726,0,0.0365,0.701,0,0.0726,0.225,77.355,4
spotify:track:04HWfKUebmehi5cPHgstHI,"Florecer","Florecer","Lluna",2022-02-18,181185,44,false,31rtpyuaddhriw67bslugt3j7zby,2024-06-06T12:54:28Z,"","Bloodtears",0.754,0.422,0,-9.439,0,0.0565,0.337,0,0.109,0.199,111.971,4
spotify:track:0jSfQJjEPrcVHr6f7x3D8X,"Take Me Away","Take Me Away","New Medicine",2022-06-24,137773,0,false,31rtpyuaddhriw67bslugt3j7zby,2024-06-06T12:54:28Z,"mizrahi","New Meds Records/The Fuel Music",0.408,0.799,4,-5.987,0,0.102,0.0324,0,0.0874,0.403,171.999,4
spotify:track:6U4I4nk7IShvgx7FcsSLlt,"Colibrí","Colibrí","Lluna",2022-09-23,183314,40,false,31rtpyuaddhriw67bslugt3j7zby,2024-06-06T12:54:28Z,"","Bloodtears",0.732,0.412,8,-8.017,1,0.14,0.779,0.000121,0.25,0.54,80.036,4
spotify:track:5HvN5UFAUxclpV2x6HjWTS,"Mi reflejo","Mi reflejo","Lluna",2021-05-04,224684,36,false,31rtpyuaddhriw67bslugt3j7zby,2024-06-06T12:54:28Z,"","La Cupula Music",0.501,0.329,6,-13.323,0,0.407,0.382,0.0372,0.119,0.349,147.393,4
spotify:track:4EdrBEM5jHjNt5doko78AQ,"Sinastría","Sinastría","Lluna",2021-05-14,208284,40,false,31rtpyuaddhriw67bslugt3j7zby,2024-06-06T12:54:28Z,"","La Cupula Music",0.574,0.592,11,-7.486,0,0.342,0.697,0.00853,0.103,0.633,179.8,4
spotify:track:7shljI22WbGQ6ngZ631fLQ,"¿Ángel o demonio?","¿Ángel o demonio?","Lluna",2021-11-12,145448,43,false,31rtpyuaddhriw67bslugt3j7zby,2024-06-06T12:54:28Z,"","Bloodtears",0.754,0.394,0,-12.322,1,0.29,0.426,0.000198,0.113,0.385,95.029,4
spotify:track:7CjFg44JPjW9X3stvtOERH,"Heridas de Guerra","Heridas de Guerra","Don Aitor;Piter-G;Stiff Sullivan",2022-04-29,224928,4,false,31rtpyuaddhriw67bslugt3j7zby,2024-06-06T12:54:28Z,"rap rock","Magnos Enterprise",0.589,0.664,10,-12.547,1,0.0421,0.21,0.0000102,0.193,0.533,135.008,4
spotify:track:3Cl6BC5sOqDb1u3eeKaYZG,"Buena Mezcla","Buena Mezcla","Piter-G",2021-07-16,164833,0,false,31rtpyuaddhriw67bslugt3j7zby,2024-06-06T12:54:28Z,"","BoltMusic",0.747,0.486,9,-4.856,0,0.462,0.445,0,0.117,0.945,88.9,4
spotify:track:3DhIDZCMviKed6NjV2m9SG,"Zumo de Mandrágora","Zumo de Mandrágora","Piter-G",2020-12-18,169500,0,false,31rtpyuaddhriw67bslugt3j7zby,2024-06-06T12:54:28Z,"","BoltMusic",0.763,0.674,2,-4.921,1,0.0505,0.671,0,0.296,0.938,159.987,4
spotify:track:72he6q5dxTygZqTwVOaRpZ,"Mereció la Pena","Mereció La Pena","Cyclo;Piter-G",2019-12-20,217444,22,false,31rtpyuaddhriw67bslugt3j7zby,2024-06-06T12:54:28Z,"","Cyclo Music",0.714,0.763,6,-6.403,1,0.118,0.406,0,0.371,0.801,135.103,4
spotify:track:5t0VL7A8FWSncRGNU1Hn1z,"La Meca de los Sentidos","La Meca de los Sentidos","Piter-G",2019-06-13,171750,0,false,31rtpyuaddhriw67bslugt3j7zby,2024-06-06T12:54:28Z,"","BoltMusic",0.708,0.498,0,-6.892,0,0.0801,0.332,0,0.108,0.811,119.448,4
spotify:track:1LrqDOTyJqTuA05wqPOjod,"La Llave","La Llave","Piter-G",2018-10-16,216760,0,false,31rtpyuaddhriw67bslugt3j7zby,2024-06-06T12:54:28Z,"","BoltMusic",0.806,0.541,2,-7.106,1,0.183,0.283,0,0.117,0.27,95.986,3
spotify:track:0TPcFpeH2XI8heHtHzDrYP,"Por Todo","La Oveja Negra","Cyclo;Piter-G;Zarcort",2018-04-20,195083,43,false,31rtpyuaddhriw67bslugt3j7zby,2024-06-06T12:54:28Z,"rap de anime","Cyclo Music",0.584,0.66,6,-8.233,1,0.104,0.696,0.00017,0.115,0.357,175.962,4
spotify:track:3byL3MjuuhYKnGBZkwlUmP,"Tocando Fondo","Tocando Fondo","Piter-G;Zarcort;Kronno Zomber;Cyclo",2024-07-05,209642,37,false,31rtpyuaddhriw67bslugt3j7zby,2024-08-20T20:33:47Z,"rap de anime","Piter-G",0.712,0.686,6,-9.431,0,0.192,0.625,0,0.0967,0.427,125.716,4
spotify:track:1Tvbj85HR2NwxieDfBDmbu,"Carta de Sinceridad","La Voz de la Gente Vuelve a Ser","Piter-G;Porta",2016-02-08,202040,0,false,31rtpyuaddhriw67bslugt3j7zby,2024-06-06T12:54:28Z,"","BoltMusic",0.555,0.818,4,-3.719,0,0.431,0.164,0,0.155,0.606,175.883,4
spotify:track:0PDPhe2jeaMtOBexooit2X,"Desde Tu Adiós","La Oveja Negra","Cyclo;Piter-G;Zarcort;Kronno Zomber",2018-04-20,249000,49,false,31rtpyuaddhriw67bslugt3j7zby,2024-06-06T12:54:28Z,"rap de anime","Cyclo Music",0.725,0.617,0,-8.033,1,0.0692,0.411,0.00000648,0.087,0.357,114.069,4
spotify:track:12pW6Y0VXG7omPlkiq1aJF,"Sigue Soñando","La Voz de la Gente Vuelve a Ser","Piter-G",2016-02-08,188571,0,false,31rtpyuaddhriw67bslugt3j7zby,2024-06-06T12:54:28Z,"","BoltMusic",0.791,0.66,4,-6.477,1,0.245,0.116,0,0.0888,0.278,139.981,4
spotify:track:5o2M4yHxo9kyNLdgihFeV1,"Lo siento","Prisma","Beret",2019-10-25,230646,66,false,31rtpyuaddhriw67bslugt3j7zby,2024-06-06T12:54:28Z,"","WM Spain",0.362,0.42,2,-7.951,1,0.0582,0.655,0,0.133,0.284,77.077,4
spotify:track:5hoeEwE0095XeYMZZMwTKx,"Dónde Estás?","Dónde Estás?","KYR4",2023-05-17,147784,41,false,31rtpyuaddhriw67bslugt3j7zby,2024-06-06T12:54:28Z,"","KYR4",0.547,0.417,8,-9.493,1,0.0603,0.486,0,0.218,0.589,175.358,4
spotify:track:7uMQ8rKCya23lHG6DbDMdd,"888 (Karma)","888 (Karma)","Xina Mora;Babi",2024-05-08,150408,42,false,31rtpyuaddhriw67bslugt3j7zby,2024-06-06T12:54:28Z,"hard techno,techno,tekno","Xina Mora",0.666,0.626,8,-6.408,0,0.248,0.0423,0.254,0.229,0.272,161.047,4
spotify:track:4DYEdklxetuRARrtvVqSpX,"Aries","Aries","Lluna",2024-04-25,140707,9,false,31rtpyuaddhriw67bslugt3j7zby,2024-06-06T12:54:28Z,"","Bloodtears",0.889,0.508,1,-11.542,1,0.567,0.0441,0.000196,0.132,0.537,140.029,4
spotify:track:4FY3sjxEAcrdPjSU5LCkrP,"Acuario","Acuario","Lluna",2024-02-11,172930,11,false,31rtpyuaddhriw67bslugt3j7zby,2024-06-06T12:54:28Z,"","Bloodtears",0.701,0.449,6,-8.753,0,0.0386,0.769,0,0.246,0.55,116.087,4
spotify:track:2m8rCL3nDny7P2lotiyI6S,"Piscis","Piscis","Lluna",2024-02-11,194599,7,false,31rtpyuaddhriw67bslugt3j7zby,2024-06-06T12:54:28Z,"","Bloodtears",0.306,0.434,5,-10.662,0,0.0419,0.79,0.0000339,0.101,0.192,132.076,5
spotify:track:3I1GWyA9YxiwjfAOrPOLxG,"Capricornio","Capricornio","Lluna",2024-01-11,186541,10,false,31rtpyuaddhriw67bslugt3j7zby,2024-06-06T12:54:28Z,"","Bloodtears",0.792,0.339,6,-12.321,0,0.176,0.0282,0.0346,0.107,0.249,124.023,4
spotify:track:3wcYlvIQOj5wSwEMuXxiJR,"Sagitario","Sagitario","Lluna",2023-12-15,156916,14,false,31rtpyuaddhriw67bslugt3j7zby,2024-06-06T12:54:28Z,"","Bloodtears",0.547,0.691,4,-5.882,1,0.033,0.00864,0.00145,0.334,0.51,149.947,4
spotify:track:5IJm3qMPRktedu6qWJXdAt,"Escorpio","Escorpio","Lluna",2023-11-13,211065,10,false,31rtpyuaddhriw67bslugt3j7zby,2024-06-06T12:54:28Z,"","Lluna",0.638,0.453,1,-12.16,1,0.0791,0.118,0.0000176,0.15,0.129,118.039,4
spotify:track:6SPfVNxOzvjGdRalaNkCAY,"Libra","Libra","Lluna",2023-10-22,161201,15,false,31rtpyuaddhriw67bslugt3j7zby,2024-06-06T12:54:28Z,"","Lluna",0.713,0.235,8,-10.594,1,0.0429,0.645,0,0.119,0.145,125.961,4
spotify:track:4mMb13lLxzHjEk0EDPGMj1,"Virgo","Virgo","Lluna",2023-09-22,143568,15,false,31rtpyuaddhriw67bslugt3j7zby,2024-06-06T12:54:28Z,"","Bloodtears",0.678,0.509,5,-8.825,0,0.213,0.574,0.0024,0.212,0.505,174.211,4
spotify:track:7Cr4D26Apq0DiyAYzULuQc,"Leo","Leo","Lluna",2023-09-16,168958,9,false,31rtpyuaddhriw67bslugt3j7zby,2024-06-06T12:54:28Z,"","Bloodtears",0.62,0.218,9,-11.764,1,0.0558,0.422,0.00203,0.134,0.0709,91.03,4
spotify:track:79vULAAA4h1pTosRo4Ap14,"Mi Mejor Versión","Mi Mejor Versión","Rafa Espino;Lluna",2023-08-03,166279,5,false,31rtpyuaddhriw67bslugt3j7zby,2024-06-06T12:54:28Z,"","Be Eternal Music",0.641,0.655,7,-9.234,1,0.237,0.0856,0.00000126,0.0868,0.76,176.076,4
spotify:track:0txvLXM4OgbQg8wiGPKwFt,"Cáncer","Cáncer","Lluna",2023-07-18,150647,12,false,31rtpyuaddhriw67bslugt3j7zby,2024-06-06T12:54:28Z,"","Bloodtears",0.762,0.592,3,-7.623,0,0.0399,0.311,0.00000636,0.114,0.831,118.059,4
spotify:track:5inIESDehMCzDFnnjsj6ez,"Géminis","Géminis","Lluna",2023-06-18,197967,16,false,31rtpyuaddhriw67bslugt3j7zby,2024-06-06T12:54:28Z,"","Bloodtears",0.535,0.487,4,-8.545,0,0.142,0.12,0.19,0.138,0.282,199.919,4
spotify:track:1xi1UkMQcBPdcZOc2f9Qw6,"Tauro","Tauro","Lluna",2023-05-19,162369,16,false,31rtpyuaddhriw67bslugt3j7zby,2024-06-06T12:54:28Z,"","Lluna",0.669,0.427,10,-10.29,0,0.0918,0.306,0.0000257,0.0681,0.53,83.972,4
spotify:track:7b3LzZpyE4wpSBpDgq6A1p,"Esperando El Meteorito - CICATRICES # 8","Esperando El Meteorito - CICATRICES # 8","Locus;Lluna",2022-11-17,198569,0,false,31rtpyuaddhriw67bslugt3j7zby,2024-06-06T12:54:28Z,"","LOCUS",0.561,0.8,0,-4.384,1,0.187,0.467,0,0.0871,0.46,120.124,5
spotify:track:6EGyVLGVCRDdZYO7wiZTco,"Iceberg","Iceberg","Lluna",2022-08-10,181937,34,false,31rtpyuaddhriw67bslugt3j7zby,2024-06-06T12:54:28Z,"","Bloodtears",0.329,0.247,8,-9.828,1,0.036,0.881,0,0.097,0.313,185.598,4
spotify:track:2u3uN8igvKBwSu3ZNvcZ2f,"Bastet","Bastet","Lluna",2022-04-08,158684,32,false,31rtpyuaddhriw67bslugt3j7zby,2024-06-06T12:54:28Z,"","Bloodtears",0.787,0.529,7,-6.3,1,0.0976,0.36,0.000129,0.137,0.5,124.041,4
spotify:track:7aGolQT0N1StAsRi7jL05U,"Mágica","Mágica","Lluna",2021-09-10,194715,32,false,31rtpyuaddhriw67bslugt3j7zby,2024-06-06T12:54:28Z,"","Lluna",0.685,0.555,5,-10.161,1,0.131,0.445,0.0075,0.0677,0.587,90.915,4
spotify:track:7lGd530uKT4ZCsMoEp6W9v,"El Amor Me Da Asco","El Amor Me Da Asco","Lu Decker",2021-09-24,159343,26,false,31rtpyuaddhriw67bslugt3j7zby,2024-06-06T12:54:28Z,"","Music Hit Factory",0.363,0.624,9,-8.619,0,0.144,0.499,0,0.0801,0.579,195.954,4
spotify:track:1FYFnp7by2OstjG3176HJB,"Solo Quiero Bailar","Solo Quiero Bailar","Lu Decker",2024-04-19,192833,21,false,31rtpyuaddhriw67bslugt3j7zby,2024-06-06T12:54:28Z,"","WM Spain",0.661,0.857,1,-3.54,1,0.0341,0.0197,0.0000325,0.117,0.936,132.011,4
spotify:track:6kOgHbgg7Vyd6ElA7kLnT9,"Se Te Hizo Tarde","Se Te Hizo Tarde","Joanna Crass;Lu Decker",2024-03-22,138728,0,false,31rtpyuaddhriw67bslugt3j7zby,2024-06-06T12:54:28Z,"afrobeat latino,r&b indie","Soundacer distributed by Altafonte",0.609,0.623,11,-6.486,1,0.0479,0.741,0,0.113,0.416,86.558,4
spotify:track:6Q99zI2p884k90zSjbS0Vx,"Te quiero de más","Te quiero de más","Lu Decker",2024-02-16,196744,35,false,31rtpyuaddhriw67bslugt3j7zby,2024-06-06T12:54:28Z,"","WM Spain",0.465,0.417,0,-9.293,1,0.109,0.866,0,0.358,0.193,171.779,3
spotify:track:1kPVIYeMiBkBQ9Rh0S2X3e,"Aunque no estés","Aunque no estés","Lu Decker",2023-12-08,170714,18,false,31rtpyuaddhriw67bslugt3j7zby,2024-06-06T12:54:28Z,"","WM Spain",0.732,0.46,7,-7.849,1,0.0559,0.106,0.000069,0.112,0.53,132.021,4
spotify:track:6fx8W7tZDKhkj9cSZ2OfnE,"Eras importante","Eras importante","Lu Decker",2023-10-13,186001,40,false,31rtpyuaddhriw67bslugt3j7zby,2024-06-06T12:54:28Z,"","WM Spain",0.601,0.544,0,-6.139,1,0.0326,0.674,0,0.253,0.349,140.001,4
spotify:track:5nc2UtNg5CmTPu4fSdUawl,"Tus letras de amor","Tus letras de amor","Lu Decker",2023-07-07,157628,19,false,31rtpyuaddhriw67bslugt3j7zby,2024-06-06T12:54:28Z,"","WM Spain",0.632,0.806,6,-4.544,1,0.0495,0.113,0,0.0894,0.416,96.91,4
spotify:track:0KNDIgRfRrY9FglxNBV9cX,"NO PUEDO BORRARTE","NO PUEDO BORRARTE","Pepe Bernabé;Lu Decker",2023-04-28,198066,2,false,31rtpyuaddhriw67bslugt3j7zby,2024-06-06T12:54:28Z,"flamenco pop,flamenco,flamenco urbano","WM Spain",0.692,0.642,11,-5.227,1,0.0333,0.0714,0,0.0754,0.473,103.028,4
spotify:track:4r96COXbjALYy7J8jppSiG,"Tiempo Perdido","Tiempo Perdido","Lu Decker",2023-03-03,207852,24,false,31rtpyuaddhriw67bslugt3j7zby,2024-06-06T12:54:28Z,"","WM Spain",0.78,0.476,4,-5.489,0,0.0351,0.155,0,0.0545,0.571,127.94,4
spotify:track:5Akz3wdoaYZRDo7Yrovjhc,"Raro","Raro","Lu Decker",2022-07-29,175384,30,false,31rtpyuaddhriw67bslugt3j7zby,2024-06-06T12:54:28Z,"","WM Spain",0.64,0.509,0,-7.504,0,0.0438,0.0474,0,0.137,0.437,91.484,4
spotify:track:0v44dJSjpUOji1Pi3Owe8x,"Gracias a Ti","Gracias a Ti","Luani;Lu Decker",2022-07-08,179187,13,true,31rtpyuaddhriw67bslugt3j7zby,2024-06-06T12:54:28Z,"","Blanco y Negro Urban",0.697,0.661,2,-5.177,1,0.209,0.426,0,0.145,0.663,166.301,4
spotify:track:7amhwbK2r1qGHd7BwOtIAN,"Otra Peli a la Mitad","Otra Peli a la Mitad","VALANTAIN;Lu Decker",2022-06-10,177777,20,false,31rtpyuaddhriw67bslugt3j7zby,2024-06-06T12:54:28Z,"","Virtual Music Management",0.671,0.651,1,-6.927,1,0.0348,0.276,0,0.0781,0.653,134.962,4
spotify:track:6R7PV6oWxw722LJOrbNJsB,"Imagínate - Remix","Imagínate (Remix)","Santos 912;Lu Decker;EZVIT 810",2022-05-13,209786,41,false,31rtpyuaddhriw67bslugt3j7zby,2024-06-06T12:54:28Z,"","Santos 912",0.768,0.696,10,-7.941,1,0.118,0.401,0,0.193,0.207,123.96,4
spotify:track:5Gg0eqiJrKeW3g66rPaevv,"Pasajeros a su tren","Pasajeros a su tren","Lu Decker;Gonzalo Hermida",2022-04-08,224383,29,false,31rtpyuaddhriw67bslugt3j7zby,2024-06-06T12:54:28Z,"","WM Spain",0.58,0.365,2,-7.183,1,0.0475,0.821,0,0.0872,0.375,72.944,4
spotify:track:61B9vc1o1YiZBL7rYLRvOh,"La Carta Que Nunca Te Escribí - Remix","La Carta Que Nunca Te Escribí (Remix)","Lu Decker;Dudi",2022-02-11,187083,41,false,31rtpyuaddhriw67bslugt3j7zby,2024-06-06T12:54:28Z,"","WM Spain",0.715,0.44,1,-10.24,1,0.088,0.76,0,0.112,0.445,146.252,4
spotify:track:2WqckoiLhGAI1f9RorAxvV,"Mala Historia","Mala Historia","Lu Decker",2021-10-08,184131,34,false,31rtpyuaddhriw67bslugt3j7zby,2024-06-06T12:54:28Z,"","Music Hit Factory",0.41,0.233,4,-9.585,1,0.0429,0.857,0,0.121,0.375,86.833,4
spotify:track:2bf1951cBYpJfYBHYjh0dg,"Bonito Desastre","Bonito Desastre","Lu Decker",2021-07-02,172462,29,false,31rtpyuaddhriw67bslugt3j7zby,2024-06-06T12:54:28Z,"","Music Hit Factory",0.613,0.277,0,-11.304,1,0.119,0.866,0,0.153,0.548,149.526,4
spotify:track:5RwF8yjTv6LvpCjJL8yjkL,"Cada Motivo","Cada Motivo","EZVIT 810;Lu Decker;Calero LDN",2021-04-02,268800,49,true,31rtpyuaddhriw67bslugt3j7zby,2024-06-06T12:54:28Z,"","Blanco y Negro Urban",0.712,0.519,1,-10.247,1,0.187,0.801,0,0.104,0.139,125.028,4
spotify:track:41p20H61EOXW9pEADqPxdm,"De Amor Nadie Se Muere - Remix","De Amor Nadie Se Muere (Remix)","Luenco;Lu Decker",2021-01-15,181930,33,false,31rtpyuaddhriw67bslugt3j7zby,2024-06-06T12:54:28Z,"","Music Hit Factory",0.782,0.561,4,-8.649,1,0.0495,0.221,0,0.198,0.241,96.982,4
spotify:track:3kxBhVkiHMBRjdJJznxnf7,"A Mi Lado","Amor y Muerte","Cyclo;Zarcort;Piter-G",2020-05-01,217431,34,false,31rtpyuaddhriw67bslugt3j7zby,2024-06-06T12:54:28Z,"rap de anime","Cyclo Music",0.541,0.534,3,-9.181,1,0.0791,0.722,0,0.115,0.438,73.74,4
spotify:track:452QElqVUh1oe6jScenMME,"Alma Muerta","Alma Muerta","Piter-G;Cyclo",2024-05-10,203500,30,false,31rtpyuaddhriw67bslugt3j7zby,2024-06-06T12:54:28Z,"","Piter-G",0.782,0.657,0,-6.09,0,0.307,0.713,0.0000249,0.107,0.578,89.814,4
spotify:track:6JUSwZBoLx49pskXO8BtR5,"Recuérdame Quién Soy","Amor y Muerte","Cyclo",2020-05-01,249305,43,false,31rtpyuaddhriw67bslugt3j7zby,2024-06-06T12:54:28Z,"","Cyclo Music",0.764,0.704,1,-6.386,0,0.0478,0.51,0.00000328,0.138,0.146,108.043,4
spotify:track:6YX4lQi00cqi3oRZf2Iexi,"Te Perdí","Te Perdí","Piter-G;Cyclo;Zarcort;Kronno Zomber",2023-05-16,218000,39,false,31rtpyuaddhriw67bslugt3j7zby,2024-06-06T12:54:28Z,"rap de anime","Piter-G",0.862,0.862,10,-4.833,1,0.0783,0.227,0,0.162,0.423,120.024,4
spotify:track:1VHd7rMq6AWqe718siuBC0,"Dispárame","Rap Play Vol. 5","Zarcort;Cyclo",2023-01-16,156720,44,false,31rtpyuaddhriw67bslugt3j7zby,2024-06-06T12:54:28Z,"rap de anime","ZARCORT",0.568,0.805,8,-6.552,1,0.304,0.685,0,0.146,0.398,86.461,4
spotify:track:2EBcZ4ynnxTJRLb0zpMrzJ,"Fuego Fatuo","Amor y Muerte","Cyclo",2020-05-01,159375,39,true,31rtpyuaddhriw67bslugt3j7zby,2024-06-06T12:54:28Z,"","Cyclo Music",0.648,0.609,10,-8.478,1,0.139,0.426,0,0.128,0.262,79.95,4
spotify:track:5HeJJsfn0qKxrQs69Dr787,"Bala","En Silencio","Cyclo;Keyblade",2017-05-10,200338,41,false,31rtpyuaddhriw67bslugt3j7zby,2024-06-06T12:54:28Z,"hip hop alemán","Cyclo Music",0.815,0.799,4,-4.754,1,0.0832,0.311,0,0.08,0.844,92.486,4
spotify:track:4D1fBnOu7W8Gz8hM4ssofC,"Yo te quise como a nadie","Yo te quise como a nadie","Cyclo",2024-03-01,206000,31,false,31rtpyuaddhriw67bslugt3j7zby,2024-06-06T12:54:28Z,"","Cyclo Music",0.546,0.662,4,-4.944,0,0.0335,0.738,0.0000225,0.207,0.689,155.838,3
spotify:track:2m7PrdI1ctxM2VMZ0GPlQM,"Un Fantasma Enamorado","Un Fantasma Enamorado","Cyclo;Zarcort",2022-12-23,175735,38,false,31rtpyuaddhriw67bslugt3j7zby,2024-06-06T12:54:28Z,"rap de anime","Cyclo Music",0.585,0.708,7,-9.03,1,0.0354,0.0728,0.0000114,0.368,0.616,147.977,4
spotify:track:3wXB6SvXUPEZuk4Vz5VRWp,"Lo Intenté","La Oveja Negra","Cyclo;Kronno Zomber",2018-04-20,206904,40,false,31rtpyuaddhriw67bslugt3j7zby,2024-06-06T12:54:28Z,"rap de anime","Cyclo Music",0.729,0.792,6,-7.142,0,0.0441,0.23,0,0.0881,0.0903,126.001,4
spotify:track:7cMwffJv4PsGVNuKyLMElv,"Dulce locura","En Silencio","Cyclo",2017-05-10,224740,45,false,31rtpyuaddhriw67bslugt3j7zby,2024-06-06T12:54:28Z,"","Cyclo Music",0.684,0.803,10,-10.713,0,0.176,0.538,0,0.111,0.547,105.874,4
spotify:track:3RNlJReopRMzB7jroS0xme,"Demonios en Tu Cabeza","Polifacético","Piter-G;Cyclo",2017-05-03,180958,0,false,31rtpyuaddhriw67bslugt3j7zby,2024-06-06T12:54:28Z,"","BoltMusic",0.815,0.645,9,-9.907,0,0.178,0.42,0.00015,0.165,0.479,130.084,4
spotify:track:05ZUF1CPK6PYlv7kpkGuiz,"Donde Más Duele","Los Hombres También Lloran","Zarcort;Cyclo;Piter-G",2023-05-19,216156,36,false,31rtpyuaddhriw67bslugt3j7zby,2024-06-06T12:54:28Z,"rap de anime","ZARCORT",0.788,0.617,8,-6.702,0,0.133,0.409,0,0.0833,0.435,102.846,4
spotify:track:4ZMjByLsQWLvCMZIDCBs3s,"No Me Llames Luego","No Me Llames Luego","Piter-G;Cyclo;Kronno Zomber;Zarcort",2022-02-14,163356,0,false,31rtpyuaddhriw67bslugt3j7zby,2024-06-06T12:54:28Z,"rap de anime","BoltMusic",0.739,0.367,5,-7.122,1,0.0524,0.735,0,0.0776,0.52,145.774,4
spotify:track:04o3AhPaovAgNZDcQ3yYFq,"Para no volver","En Silencio","Cyclo;Zarcort",2017-05-10,200000,36,false,31rtpyuaddhriw67bslugt3j7zby,2024-06-06T12:54:28Z,"rap de anime","Cyclo Music",0.621,0.71,10,-10.619,0,0.241,0.607,0,0.11,0.444,82.699,4
spotify:track:3R1tFZ1hu4NAyAec6LZlr1,"Nadie Como Tú","Amor y Muerte","Cyclo;Zarcort;Piter-G",2020-05-01,266448,36,false,31rtpyuaddhriw67bslugt3j7zby,2024-06-06T12:54:28Z,"rap de anime","Cyclo Music",0.818,0.367,8,-10.015,0,0.109,0.486,0.0000232,0.105,0.194,97.976,4
spotify:track:31mPVZdTBNyAdcI8KaCUVc,"Solo Tuyo","Los Hombres También Lloran","Zarcort;Cyclo",2023-05-19,200762,35,false,31rtpyuaddhriw67bslugt3j7zby,2024-06-06T12:54:28Z,"rap de anime","ZARCORT",0.659,0.643,3,-8.606,0,0.0747,0.605,0,0.106,0.152,109.74,4
spotify:track:6r4tqiXfvBESY1XP7WY3A1,"Como la Primera Vez","La Oveja Negra","Cyclo;Zarcort",2018-04-20,158519,33,false,31rtpyuaddhriw67bslugt3j7zby,2024-06-06T12:54:28Z,"rap de anime","Cyclo Music",0.741,0.358,8,-13.815,0,0.0767,0.709,0.00000147,0.179,0.547,134.954,4
spotify:track:6cVO6iBm6e9ygSQlPQqJNl,"Ya no me recuerdas (feat. Cyclo)","Flow en Cuarentena","Zarcort;Cyclo",2020-05-08,167288,34,false,31rtpyuaddhriw67bslugt3j7zby,2024-06-06T12:54:28Z,"rap de anime","WM Spain",0.728,0.711,1,-6.471,1,0.0346,0.103,0,0.0948,0.483,137.998,4
spotify:track:3sV8Qgs8IEDnQYIWvrr1AX,"Jiminy Cricket","Jiminy Cricket","Cyclo",2024-05-03,192333,21,false,31rtpyuaddhriw67bslugt3j7zby,2024-06-06T12:54:28Z,"","Cyclo Music",0.481,0.534,0,-7.478,0,0.275,0.747,0,0.165,0.482,89.187,4
spotify:track:2QYtjYAL20YI2LglZ6aomq,"Olor a Café","Los Hombres También Lloran","Zarcort;Cyclo",2023-05-19,200754,34,false,31rtpyuaddhriw67bslugt3j7zby,2024-06-06T12:54:28Z,"rap de anime","ZARCORT",0.731,0.496,7,-10.475,1,0.0727,0.644,0,0.106,0.62,109.919,4
spotify:track:3YCQTcCHVOeq9AiKVoJeqo,"Se Me Olvidó","Amor y Muerte","Cyclo",2020-05-01,223893,36,true,31rtpyuaddhriw67bslugt3j7zby,2024-06-06T12:54:28Z,"","Cyclo Music",0.848,0.511,6,-9.248,0,0.0774,0.135,0,0.0956,0.1,121.922,4
spotify:track:2GgDVNYwnVaGSwFLktZeID,"La Chica De Moda","Rap Play Vol. 5","Zarcort;Cyclo",2023-01-16,156887,31,false,31rtpyuaddhriw67bslugt3j7zby,2024-06-06T12:54:28Z,"rap de anime","ZARCORT",0.601,0.579,6,-8.421,0,0.16,0.22,0,0.129,0.116,89.957,4
spotify:track:6kuZDqsQbVRtoOEThXFvkg,"Drogarme Para Olvidar","Los Hombres También Lloran","Zarcort;Cyclo",2023-05-19,170000,34,false,31rtpyuaddhriw67bslugt3j7zby,2024-06-06T12:54:28Z,"rap de anime","ZARCORT",0.77,0.648,2,-7.32,0,0.142,0.312,0.00000245,0.161,0.682,92.925,4
spotify:track:29AZWd8QwtvJW5ccH9h6hs,"Malamorado","Malamorado","Cyclo",2017-04-28,173195,38,false,31rtpyuaddhriw67bslugt3j7zby,2024-06-06T12:54:28Z,"","Cyclo Music",0.695,0.706,9,-10.242,1,0.141,0.877,0.00000368,0.112,0.332,97.07,4
spotify:track:3OhA8bpFTyDnAFAfvDR0WH,"Náufrago","Náufrago","Cyclo",2024-03-29,161752,20,false,31rtpyuaddhriw67bslugt3j7zby,2024-06-06T12:54:28Z,"","Cyclo Music",0.692,0.788,10,-6.058,0,0.0364,0.482,0.000127,0.0951,0.504,125.019,4
spotify:track:3Peg9tG42gnczS7VhYjiPa,"Corazon Roto","Corazon Roto","Zarcort;Cyclo",2022-01-14,227602,36,false,31rtpyuaddhriw67bslugt3j7zby,2024-06-06T12:54:28Z,"rap de anime","KRIK MUSIC GROUP",0.639,0.31,8,-13.856,0,0.0333,0.696,0.00944,0.127,0.115,102.054,4
spotify:track:3ZUokKuYdCXtQpVO7Ti00i,"Hijos de la Noche","Happy Piscis","Cyclo",2022-05-06,201463,32,false,31rtpyuaddhriw67bslugt3j7zby,2024-06-06T12:54:28Z,"","Krik Music Group",0.646,0.636,11,-4.715,0,0.0406,0.442,0,0.0992,0.762,111.73,4
spotify:track:7gR2HqTj2TON90LshbEWt0,"Tú, Mi Mitad","Tú, Mi Mitad","Piter-G;Cyclo",2017-10-02,198124,0,false,31rtpyuaddhriw67bslugt3j7zby,2024-06-06T12:54:28Z,"","BoltMusic",0.581,0.591,7,-6.653,1,0.0993,0.722,0,0.111,0.513,192.025,4
spotify:track:5ImsXHkMDRGIIJL3VUw09P,"Quiero más","Quiero más","Celia Dail;Cyclo",2024-05-17,187333,17,false,31rtpyuaddhriw67bslugt3j7zby,2024-06-06T12:54:28Z,"","Celia Dail",0.758,0.663,11,-5.575,0,0.0457,0.0431,0.158,0.166,0.672,89.978,4
spotify:track:6foWbDijIxtnccJyD8nR8f,"Me tocó una luz","En Silencio","Cyclo;Porta;Piter-G",2017-05-10,233942,39,false,31rtpyuaddhriw67bslugt3j7zby,2024-06-06T12:54:28Z,"","Cyclo Music",0.516,0.859,10,-6.369,0,0.318,0.568,0,0.0897,0.623,181.669,4
spotify:track:4A3H9bFJ9zywS6obdYt9Ab,"Chico invisible","Home Studio Sessions Vol.I","Cyclo",2023-12-15,162988,26,false,31rtpyuaddhriw67bslugt3j7zby,2024-06-06T12:54:28Z,"","Cyclo Music",0.868,0.558,0,-7.005,1,0.0339,0.409,0.000343,0.114,0.355,131.026,4
spotify:track:6WZ30TjxQJjEnvVMVSUkhi,"Como Quererte","Confinad@s","Cyclo",2020-05-22,176000,0,false,31rtpyuaddhriw67bslugt3j7zby,2024-06-06T12:54:28Z,"","Aerolíneas Musicales distributed by Altafonte",0.777,0.463,6,-9.345,0,0.224,0.596,0,0.126,0.17,90.038,4
spotify:track:0Q1aZUybiay5yCY00TVH6u,"No Puedo","Los Hombres También Lloran","Zarcort;Cyclo",2023-05-19,164384,29,false,31rtpyuaddhriw67bslugt3j7zby,2024-06-06T12:54:28Z,"rap de anime","ZARCORT",0.717,0.736,11,-5.711,0,0.261,0.253,0,0.0996,0.61,90.099,4
spotify:track:4ejssHljPVuqQdsMnx3eLi,"Bailaré","Bailaré","Cyclo",2023-03-31,225037,29,false,31rtpyuaddhriw67bslugt3j7zby,2024-06-06T12:54:28Z,"","Cyclo Music",0.765,0.496,4,-11.652,0,0.0812,0.521,0,0.0834,0.604,118.052,4
spotify:track:7dmU4PLNBRzsxafczEOUcj,"Mi Error Preferido","La Oveja Negra","Cyclo;Celia Dail",2018-04-20,151000,32,false,31rtpyuaddhriw67bslugt3j7zby,2024-06-06T12:54:28Z,"","Cyclo Music",0.772,0.72,9,-4.653,0,0.0539,0.679,0.000643,0.0936,0.735,106,4
spotify:track:2VlI7D8OFKU1DvdB56J4cT,"Cuando Llegue la Hora","Amor y Muerte","Cyclo",2020-05-01,219069,34,false,31rtpyuaddhriw67bslugt3j7zby,2024-06-06T12:54:28Z,"","Cyclo Music",0.593,0.763,4,-8.86,1,0.15,0.375,0,0.0936,0.687,172.036,4
spotify:track:67ZcggjJBQTxQwK5QNxb9p,"Despierta","Despierta","Cyclo",2024-02-16,115218,19,false,31rtpyuaddhriw67bslugt3j7zby,2024-06-06T12:54:28Z,"","Cyclo Music",0.667,0.627,0,-8.534,1,0.263,0.571,0.0000359,0.0986,0.266,179.898,4
spotify:track:60H0TswkVXbUxQ1yPFpzsV,"Llorare por Ti","Confinad@s","Cyclo;Lucy Paradise",2020-05-22,197653,0,false,31rtpyuaddhriw67bslugt3j7zby,2024-06-06T12:54:28Z,"","Aerolíneas Musicales distributed by Altafonte",0.774,0.498,4,-11.092,0,0.0783,0.479,0,0.0772,0.629,84.953,4
spotify:track:58NF9OT7iruNtJVJ3Nd6bS,"Apágame","Apágame","Cyclo",2018-08-10,244031,34,false,31rtpyuaddhriw67bslugt3j7zby,2024-06-06T12:54:28Z,"","Cyclo Music",0.807,0.782,6,-3.603,0,0.0894,0.361,0,0.258,0.532,119.871,4
spotify:track:5ZTRIyxAImOgGQzxHwpq0m,"Desde El Fondo","Los Hombres También Lloran","Zarcort;Cyclo;Kebin Solera",2023-05-19,171529,27,false,31rtpyuaddhriw67bslugt3j7zby,2024-06-06T12:54:28Z,"rap de anime","ZARCORT",0.632,0.485,6,-6.998,0,0.254,0.299,0,0.0803,0.585,170.136,4
spotify:track:6indn0fTsUOGYKzO25FXvR,"La Corona","La Corona","Cyclo",2020-03-06,270794,33,true,31rtpyuaddhriw67bslugt3j7zby,2024-06-06T12:54:28Z,"","Cyclo Music",0.492,0.827,9,-6.325,0,0.181,0.159,0,0.0987,0.157,100.381,4
spotify:track:7o0MjdzBaX1jBN4VIgfS60,"Tengo Miedo","Tengo Miedo","Piter-G;Cyclo",2017-07-27,228321,0,false,31rtpyuaddhriw67bslugt3j7zby,2024-06-06T12:54:28Z,"","BoltMusic",0.779,0.545,7,-7.546,0,0.0388,0.442,0,0.076,0.441,130.018,4
spotify:track:4HlcSvDgFvldR3KEVLEquT,"Si Preguntan X Mi","Si Preguntan X Mi","Cyclo",2022-09-09,145243,26,false,31rtpyuaddhriw67bslugt3j7zby,2024-06-06T12:54:28Z,"","Cyclo Music",0.616,0.756,11,-8.144,1,0.0463,0.381,0.00000195,0.173,0.712,163.993,4
spotify:track:4UuDvPUC1wJsCnl0uQto1y,"Tommy Shelby","Tommy Shelby","Cyclo",2023-01-27,213894,26,true,31rtpyuaddhriw67bslugt3j7zby,2024-06-06T12:54:28Z,"","Cyclo Music",0.736,0.573,2,-8.781,1,0.0359,0.0962,0.00241,0.235,0.311,119.041,4
spotify:track:5kqIPrATaCc2LqxVWzQGbk,"7 Years","Lukas Graham","Lukas Graham",2016-04-01,237300,87,false,31rtpyuaddhriw67bslugt3j7zby,2024-06-12T11:32:16Z,"pop danés","Warner Records",0.765,0.473,10,-5.829,1,0.0514,0.287,0,0.391,0.34,119.992,4
spotify:track:3s3SRwttipEjIzKUB70jka,"Cóseme","Cóseme","Beret",2017-08-24,201893,57,false,315xwwjruou5735a6tm2ijxcblyi,2024-06-12T16:33:25Z,"","WM Spain",0.65,0.208,9,-18.177,1,0.116,0.881,0,0.0992,0.641,78.114,4
spotify:track:75KrTLbcLWgCcldZGxZR12,"Ojalá","Prisma","Beret",2019-10-25,218861,66,false,315xwwjruou5735a6tm2ijxcblyi,2024-06-12T16:34:02Z,"","WM Spain",0.615,0.622,5,-7.198,1,0.209,0.328,0,0.162,0.449,77.28,4
spotify:track:2At18rPHOuTEjGEppwGV0A,"Peter Pan Was Right","Peter Pan Was Right","Anson Seabra",2022-04-29,192497,67,false,315xwwjruou5735a6tm2ijxcblyi,2024-06-12T17:01:58Z,"","Seabra Songs, LLC",0.661,0.517,5,-7.74,1,0.0406,0.223,0,0.116,0.241,84.014,4
spotify:track:0IjOadvYKrZbdGbhr3skVt,"Por inercia","Amor Subterráneo Vol.1","Taïn",2024-06-14,177833,18,false,315xwwjruou5735a6tm2ijxcblyi,2024-06-30T13:53:19Z,"","Esmerarte",0.593,0.96,7,-3.268,1,0.134,0.0704,0,0.0842,0.894,160.177,4
spotify:track:7LF9FB2djXBvHp93Ep5WOv,"El Monstruo del Armario","El Monstruo del Armario","Dante",2018-10-11,222966,46,true,315xwwjruou5735a6tm2ijxcblyi,2024-07-04T22:18:57Z,"","Dante",0.724,0.838,0,-7.34,0,0.361,0.542,0,0.116,0.711,134.198,4
spotify:track:3llRJW0WiN6VCAv3yGrLYM,"Solo Quiero Ser Normal","Solo Quiero Ser Normal","Lytos",2023-07-17,213529,33,false,315xwwjruou5735a6tm2ijxcblyi,2024-07-04T23:22:05Z,"","Lytos Music",0.482,0.784,1,-5.82,1,0.21,0.412,0,0.102,0.78,169.717,4
spotify:track:61g2HPXKUV41c6O4v2giYu,"A YEAR AGO","A YEAR AGO","NEFFEX",2021-09-15,174666,40,false,31rtpyuaddhriw67bslugt3j7zby,2024-07-17T09:19:15Z,"","Burning Boat LLC",0.427,0.512,11,-9.333,1,0.0428,0.144,0,0.159,0.216,119.825,5
spotify:track:4ow2oAfYPMqLpY0RRUmBKL,"Cantándote al Oído","Cantándote al Oído","KYR4;Luis Branco",2022-03-26,165600,53,false,31rtpyuaddhriw67bslugt3j7zby,2024-07-27T19:43:03Z,"","KYR4",0.735,0.327,4,-7.844,0,0.0487,0.915,0.0000698,0.171,0.661,99.907,4
spotify:track:79rFmZ51tiJZjO7OngRk5v,"THE FRENCH","THE FRENCH","Reality;KYR4",2022-12-16,251428,42,true,31rtpyuaddhriw67bslugt3j7zby,2024-07-27T19:44:18Z,"","DALE PLAY Records",0.517,0.292,9,-11.98,1,0.0768,0.888,0,0.117,0.502,85.178,4
spotify:track:0n2OVzAGFfGuTd4p3QCVK7,"LVDTQ","No Llores","KYR4",2024-01-31,166701,43,false,31rtpyuaddhriw67bslugt3j7zby,2024-07-27T19:44:55Z,"","KYR4",0.383,0.462,6,-9.441,0,0.0497,0.401,0,0.155,0.45,85.916,5
spotify:track:08OQOKjqMuVsO4sKbWMEN0,"Ya No Eres Tú","Ya No Eres Tú","Shoren;KYR4;SokeThugPro",2023-12-15,158508,33,false,31rtpyuaddhriw67bslugt3j7zby,2024-07-27T19:46:35Z,"flamenco urbano","SHOREN & ATOMIC BRAIN MUSIC",0.577,0.694,2,-5.72,0,0.0521,0.602,0,0.0866,0.451,73.588,4
spotify:track:2gtgmPx9BqfrDz2goGL1K5,"Yo","Ojos Tristes","KYR4",2023-06-07,144666,28,false,31rtpyuaddhriw67bslugt3j7zby,2024-07-27T19:47:01Z,"","KYR4",0.653,0.534,0,-8.699,0,0.0798,0.584,0,0.123,0.127,90.203,4
spotify:track:1ZqRVkpWEBCkEEzCgnIvKp,"Qui Sis","No Llores","KYR4",2024-01-31,169056,41,false,31rtpyuaddhriw67bslugt3j7zby,2024-07-27T19:47:37Z,"","KYR4",0.649,0.445,2,-8.146,0,0.103,0.194,0,0.101,0.0387,97.619,4
spotify:track:34t4IzfIw2tL98n2QULalS,"Sueños","Sueños","KYR4",2023-04-28,226909,31,false,31rtpyuaddhriw67bslugt3j7zby,2024-07-27T19:47:56Z,"","KYR4",0.711,0.632,9,-7.771,0,0.0554,0.329,0,0.0956,0.152,109.736,4
spotify:track:1wNQ9gelt7mecjeleWgzT0,"Cuéntame","Cuéntame","KYR4;Vnder",2024-04-03,181161,27,false,31rtpyuaddhriw67bslugt3j7zby,2024-07-27T19:48:27Z,"","KYR4",0.446,0.619,2,-7.313,1,0.245,0.15,0,0.179,0.422,84.327,4
spotify:track:5dbunKxoPlqYqM2H9DdcZC,"R05","R05","KYR4",2022-10-29,211031,31,false,31rtpyuaddhriw67bslugt3j7zby,2024-07-27T19:48:48Z,"","KYR4",0.508,0.377,2,-9.323,1,0.0385,0.818,0,0.288,0.317,90.931,4
spotify:track:6LSxLrOIcCzywQnr5zsq5i,"Solo Tú","No Llores","KYR4",2024-01-31,172062,26,false,31rtpyuaddhriw67bslugt3j7zby,2024-07-27T19:50:04Z,"","KYR4",0.575,0.548,6,-10.978,0,0.11,0.604,0,0.084,0.679,149.998,4
spotify:track:1YRHO2XZflMe4vppLcxe8i,"Business","Ojos Tristes","KYR4",2023-06-07,178695,24,false,31rtpyuaddhriw67bslugt3j7zby,2024-07-27T19:50:26Z,"","KYR4",0.64,0.571,1,-9.567,1,0.0817,0.254,0.00101,0.123,0.295,91.713,4
spotify:track:0NgMsp1QMm4bVrGKltgwKh,"Olvidarte","Olvidarte","Poncelam",2022-05-27,214588,40,false,31rtpyuaddhriw67bslugt3j7zby,2024-07-28T15:17:27Z,"","Poncelam",0.676,0.472,4,-9.803,0,0.174,0.56,0.0000279,0.108,0.139,169.853,4
spotify:track:7dW9zHPoYDyHQTlQLd5wxg,"Poquito a Poquito","Poquito a Poquito","Poncelam",2022-04-15,203437,30,false,31rtpyuaddhriw67bslugt3j7zby,2024-07-28T15:21:59Z,"","Poncelam",0.72,0.499,4,-6.713,0,0.0597,0.309,0.00000258,0.0816,0.342,127.689,4
spotify:track:5umJ1ZtIMABZ68i8oqUWsA,"Rosas de Papel","Rosas de Papel","Poncelam",2021-09-10,170000,36,false,31rtpyuaddhriw67bslugt3j7zby,2024-07-28T15:30:50Z,"","Poncelam",0.677,0.388,11,-8.987,0,0.0467,0.227,0.0000473,0.106,0.0685,95.995,4
spotify:track:0cM2JKcgOh2HWlHEAwGGXZ,"Que Decepcionante","Besos, Irene.","Poncelam;Maig;T-Cun",2024-04-26,187826,19,false,31rtpyuaddhriw67bslugt3j7zby,2024-07-28T15:30:50Z,"","Poncelam",0.791,0.581,11,-8.708,1,0.0496,0.198,0.0000867,0.105,0.398,137.97,4
spotify:track:2aIZhJZiT9Ija1AFImY2N3,"Yo Me Presto","Yo Me Presto","Poncelam",2023-03-17,133608,26,false,31rtpyuaddhriw67bslugt3j7zby,2024-07-28T15:30:50Z,"","Poncelam",0.684,0.576,5,-4.058,0,0.167,0.572,0,0.113,0.76,194.103,4
spotify:track:1SJMQYo8QvuMnEeHKtZv9h,"Me Emparanoya","Me Emparanoya","Poncelam;El Salao",2024-06-18,123428,14,false,31rtpyuaddhriw67bslugt3j7zby,2024-07-28T15:30:50Z,"","Poncelam",0.711,0.688,10,-5.119,1,0.0635,0.239,0.0000157,0.0928,0.674,140.055,4
spotify:track:53EV0jTDUQx4GZDPs6ya8t,"Algunas Cosas Freestyle","Algunas Cosas Freestyle","Poncelam",2023-06-23,176000,25,false,31rtpyuaddhriw67bslugt3j7zby,2024-07-28T15:30:50Z,"","Poncelam",0.716,0.564,2,-5.883,0,0.0309,0.552,0.00000428,0.11,0.264,89.981,4
spotify:track:4yjnciz6Le5Z1Zcj66Ufpa,"La Llave","Besos, Irene.","Poncelam",2024-04-26,208000,12,true,31rtpyuaddhriw67bslugt3j7zby,2024-07-28T15:30:50Z,"","Poncelam",0.819,0.369,11,-8.1,0,0.0392,0.615,0.0000353,0.173,0.526,104.966,4
spotify:track:6yyinAGLK3SQD2lcLlRLci,"28","28","Poncelam",2021-03-02,135790,23,false,31rtpyuaddhriw67bslugt3j7zby,2024-07-28T15:30:50Z,"","Poncelam",0.695,0.17,0,-21.007,0,0.435,0.84,0.00168,0.117,0.16,169.971,4
spotify:track:6JLYCkqAn16mstq276xNmr,"Lo Siento Pero No","Lo Siento Pero No","Poncelam",2023-02-14,147945,23,false,31rtpyuaddhriw67bslugt3j7zby,2024-07-28T15:30:50Z,"","Poncelam",0.733,0.548,3,-4.937,0,0.0933,0.476,0,0.0669,0.874,146.062,4
spotify:track:65wQTg6mSEeSdlnBb2AL5G,"Miedo y Amor","Miedo y Amor","Poncelam",2022-09-16,111130,21,true,31rtpyuaddhriw67bslugt3j7zby,2024-07-28T15:30:50Z,"","Poncelam",0.514,0.444,2,-9.474,0,0.166,0.314,0.000587,0.133,0.269,116.518,4
spotify:track:2Ync7pamDxO3J0z2NYKKVr,"Lucha d2","Besos, Irene.","Poncelam;T-Cun",2024-04-26,166285,13,false,31rtpyuaddhriw67bslugt3j7zby,2024-07-28T15:30:50Z,"","Poncelam",0.746,0.542,2,-7.128,1,0.0624,0.202,0,0.0907,0.392,139.977,4
spotify:track:51Rwi4WZrDc1wuNqUwE4zK,"Sigo Esperando","Sigo Esperando","Poncelam",2022-03-18,188210,27,false,31rtpyuaddhriw67bslugt3j7zby,2024-07-28T15:30:50Z,"","Poncelam",0.476,0.562,9,-6.048,0,0.0524,0.283,0,0.0911,0.263,94.918,4
spotify:track:6rN0y6OQdqwguDQHTRNM1o,"X Si Quieres Volver","X Si Quieres Volver","Poncelam;T-Cun",2024-02-29,131999,17,false,31rtpyuaddhriw67bslugt3j7zby,2024-07-28T15:30:50Z,"","Poncelam",0.827,0.521,10,-6.114,1,0.0865,0.328,0.000142,0.105,0.475,79.947,4
spotify:track:6pvLicvuSYE4VBd2DvvRyB,"Tú, Yo y Mis Dudas","Tú, Yo y Mis Dudas","Poncelam",2023-12-15,156799,25,false,31rtpyuaddhriw67bslugt3j7zby,2024-07-28T15:30:50Z,"","Poncelam",0.576,0.409,7,-9.276,0,0.0403,0.633,0,0.14,0.355,150.074,4
spotify:track:3qLu1BHM0B9ha81f4sxuUK,"Dew","Dew","Poncelam;Sergi El Combo",2024-03-29,153428,15,false,31rtpyuaddhriw67bslugt3j7zby,2024-07-28T15:30:50Z,"neoperreo","Poncelam",0.716,0.751,9,-5.291,0,0.0342,0.265,0,0.395,0.65,140.049,4
spotify:track:24NBokQMOSJRoCMmtHLHaj,"Debería","Debería","Poncelam",2023-01-20,262666,26,false,31rtpyuaddhriw67bslugt3j7zby,2024-07-28T15:30:50Z,"","Poncelam",0.528,0.387,6,-9.514,0,0.16,0.333,0.00000181,0.0781,0.224,179.866,4
spotify:track:6lTyUTSjPObYOWKiZyf8Qi,"Bloques del Prat","VÉRTIGO","Poncelam;Nervio el Del Sistema;T-Cun",2023-09-15,159976,20,false,31rtpyuaddhriw67bslugt3j7zby,2024-07-28T15:30:50Z,"","Poncelam",0.657,0.532,7,-7.925,0,0.141,0.505,0.00000232,0.0801,0.446,80.834,4
spotify:track:2zfddI55xz0esziAJekoOO,"Hilo","Lágrima de Ángel","Poncelam",2022-10-28,161234,17,false,31rtpyuaddhriw67bslugt3j7zby,2024-07-28T15:30:50Z,"","Poncelam",0.838,0.587,0,-7.145,1,0.0544,0.293,0.00000212,0.163,0.395,132.019,4
spotify:track:4ZkSI9S7UZkWtgJHzWXM7Z,"Realista","Realista","Poncelam",2022-12-23,181000,18,false,31rtpyuaddhriw67bslugt3j7zby,2024-07-28T15:30:50Z,"","Poncelam",0.706,0.487,10,-7.953,0,0.0699,0.463,0,0.109,0.31,120.018,4
spotify:track:2QIXnIVIHcA9fJPvUZHJEQ,"100 Inviernos","Besos, Irene.","Poncelam;Sergi El Combo",2024-04-26,149285,13,false,31rtpyuaddhriw67bslugt3j7zby,2024-07-28T15:30:50Z,"neoperreo","Poncelam",0.678,0.516,10,-5.545,0,0.0897,0.408,0.00000469,0.147,0.327,168.042,4
spotify:track:3CgTGXWYwGhNckYhOi8KS7,"Yo Solo Quería Ser Cantante","VÉRTIGO","Poncelam;T-Cun",2023-09-15,152524,17,false,31rtpyuaddhriw67bslugt3j7zby,2024-07-28T15:30:50Z,"","Poncelam",0.557,0.516,10,-6.502,0,0.0708,0.49,0,0.35,0.507,93.994,4
spotify:track:4hew1E2l6SuMByW9F3acQO,"MMM","MMM","Poncelam",2023-05-26,160000,18,true,31rtpyuaddhriw67bslugt3j7zby,2024-07-28T15:30:50Z,"","Poncelam",0.827,0.435,6,-8.327,0,0.225,0.378,0.0000581,0.123,0.534,108.085,4
spotify:track:62fNNOsFmgJSDsuANqM2Aj,"No Me Hagas Buscarte","No Me Hagas Buscarte","Poncelam",2022-07-08,162039,16,false,31rtpyuaddhriw67bslugt3j7zby,2024-07-28T15:30:50Z,"","Poncelam",0.808,0.699,9,-6.009,0,0.226,0.498,0.000255,0.0928,0.318,151.862,4
spotify:track:6ivSRdUc9HdwfmCOGjTs0N,"Un Cachito","Un Cachito","Poncelam;Sergi El Combo",2023-10-27,149268,15,false,31rtpyuaddhriw67bslugt3j7zby,2024-07-28T15:30:50Z,"neoperreo","Poncelam",0.81,0.7,9,-2.783,0,0.0554,0.14,0,0.0802,0.681,82.036,4
spotify:track:4kLsMH9Uldc6f40I6Z5jLt,"Amortraficante","VÉRTIGO","Poncelam;T-Cun",2023-09-15,151111,16,true,31rtpyuaddhriw67bslugt3j7zby,2024-07-28T15:30:50Z,"","Poncelam",0.647,0.274,2,-8.702,0,0.0495,0.925,0,0.116,0.344,139.898,4
spotify:track:7GeNGKQfr3pWJQJiJeentH,"Mañana Ya No Estarás","Lágrima de Ángel","Poncelam",2022-10-28,161081,14,false,31rtpyuaddhriw67bslugt3j7zby,2024-07-28T15:30:50Z,"","Poncelam",0.756,0.315,4,-8.515,0,0.0302,0.709,0,0.12,0.266,111.002,4
spotify:track:3fwZ0Xeqq8KmlEX26DUCxw,"Disparos","Disparos","Poncelam",2020-11-06,194000,17,false,31rtpyuaddhriw67bslugt3j7zby,2024-07-28T15:30:50Z,"","Poncelam",0.743,0.669,8,-6.219,1,0.0356,0.228,0,0.111,0.826,74.969,4
spotify:track:6qaH8MhvZLyPoR6T4DDOqi,"Cicatrices","Cicatrices","Poncelam",2019-08-26,167299,17,false,31rtpyuaddhriw67bslugt3j7zby,2024-07-28T15:30:50Z,"","Poncelam",0.762,0.459,11,-8.335,0,0.352,0.661,0,0.1,0.703,75.136,3
spotify:track:3uFzcutJpgQam3M75yexXB,"Bien y Mal","VÉRTIGO","Poncelam;T-Cun",2023-09-15,125888,10,false,31rtpyuaddhriw67bslugt3j7zby,2024-07-28T15:30:50Z,"","Poncelam",0.439,0.293,6,-9.143,0,0.0477,0.736,0,0.193,0.314,139.64,4
spotify:track:3Q5IxcPqfY3fcXCzHD6jjf,"Salvavidas","Lágrima de Ángel","Poncelam",2022-10-28,186673,18,false,31rtpyuaddhriw67bslugt3j7zby,2024-07-28T15:30:50Z,"","Poncelam",0.548,0.301,9,-13.24,0,0.0702,0.77,0.000251,0.118,0.13,171.721,4
spotify:track:5QzV685jfmasQaqvsK3ZaD,"Modo Avión","Modo Avión","Poncelam;T-Cun",2024-01-19,187826,12,false,31rtpyuaddhriw67bslugt3j7zby,2024-07-28T15:30:50Z,"","Poncelam",0.681,0.814,6,-6.446,1,0.0532,0.0976,0.124,0.0976,0.134,137.967,4
spotify:track:24lObjNhYy2Dj9GxChJMqV,"Mi Tono","Mi Tono","Poncelam",2022-02-25,135733,14,false,31rtpyuaddhriw67bslugt3j7zby,2024-07-28T15:30:50Z,"","Poncelam",0.867,0.499,11,-9.137,0,0.0611,0.572,0.000987,0.132,0.788,149.929,4
spotify:track:2mGJ738uVomzAZaqsfV8GA,"Mujer","VÉRTIGO","Poncelam;T-Cun",2023-09-15,174135,14,false,31rtpyuaddhriw67bslugt3j7zby,2024-07-28T15:30:50Z,"","Poncelam",0.562,0.634,7,-4.033,0,0.0507,0.155,0.00000291,0.193,0.22,179.957,4
spotify:track:6vEtPegiHoKCO3rXn45loC,"4 Paredes","Lágrima de Ángel","Poncelam",2022-10-28,187941,14,false,31rtpyuaddhriw67bslugt3j7zby,2024-07-28T15:30:50Z,"","Poncelam",0.656,0.397,9,-9.446,1,0.0687,0.222,0.00000653,0.12,0.419,135.694,4
spotify:track:02u1I7tqjkfy9F11dpadgE,"Nosotros","Nosotros","Poncelam",2020-04-30,205798,15,false,31rtpyuaddhriw67bslugt3j7zby,2024-07-28T15:30:50Z,"","Poncelam",0.533,0.38,11,-15.602,1,0.157,0.622,0.0563,0.14,0.34,118.285,4
spotify:track:33cQ3YLNiXo6kZT8yuRHpJ,"Antojos","Antojos","Poncelam",2020-02-04,220682,11,true,31rtpyuaddhriw67bslugt3j7zby,2024-07-28T15:30:50Z,"","Poncelam",0.832,0.557,0,-10.251,1,0.0964,0.411,0.0000267,0.189,0.457,119.967,4
spotify:track:2hGFrDdIhUSNgqKqjhzVNx,"Mayday","VÉRTIGO","Poncelam",2023-09-15,182000,7,false,31rtpyuaddhriw67bslugt3j7zby,2024-07-28T15:30:50Z,"","Poncelam",0.768,0.729,4,-4.284,0,0.0412,0.19,0.00000125,0.183,0.306,120.011,4
spotify:track:2jp1P4mayjT87RuKNsFPNu,"Morriña","Morriña","KYR4;Luis Branco",2022-05-31,210714,31,false,31rtpyuaddhriw67bslugt3j7zby,2024-07-29T20:11:33Z,"","KYR4",0.522,0.537,2,-9.431,0,0.327,0.518,0,0.117,0.285,81.435,4
spotify:track:7sJKbQgDfUiF4G0xElIlJd,"Diciembre","Diciembre","Gis",2021-12-07,217142,18,true,31rtpyuaddhriw67bslugt3j7zby,2024-07-29T20:11:53Z,"","3458246 Records DK",0.642,0.419,0,-9.623,1,0.222,0.592,0,0.105,0.29,83.52,4
spotify:track:0wZIXKuBFfzR5glvVKdOLM,"Aún Es Tarde","Aún Es Tarde","Caverg;Raquel Díez",2022-05-20,184808,41,false,31rtpyuaddhriw67bslugt3j7zby,2024-07-29T20:15:26Z,"","Clipper's Pop",0.413,0.552,0,-8.361,1,0.221,0.286,0,0.284,0.325,74.766,3
spotify:track:2RI6t2wnifhfIyeSKXupio,"Pa Ti","Pa ti","Rorro",2024-07-26,131612,14,false,31rtpyuaddhriw67bslugt3j7zby,2024-07-29T20:17:08Z,"","Rorro",0.695,0.556,1,-8.002,0,0.149,0.372,0.000005,0.388,0.326,124.036,4
spotify:track:4IKSehYf4e9tjijDSZHQF2,"Míralo","Míralo","Rorro",2022-02-04,133333,43,false,31rtpyuaddhriw67bslugt3j7zby,2024-07-29T20:17:08Z,"","Rorro",0.734,0.425,9,-8.585,1,0.117,0.79,0.000013,0.107,0.361,80.898,4
spotify:track:4qMuAUOsR9JXjBY3bJozwg,"Me da igual","Me da igual","Rorro",2021-10-01,147089,36,false,31rtpyuaddhriw67bslugt3j7zby,2024-07-29T20:17:08Z,"","Rorro",0.748,0.339,11,-11.816,0,0.0909,0.858,0,0.114,0.543,133.884,4
spotify:track:7JxuBqdhe3YgPb0tD7YriS,"Nana","Nana","Rorro",2021-12-21,122402,33,false,31rtpyuaddhriw67bslugt3j7zby,2024-07-29T20:17:08Z,"","Rorro",0.673,0.363,0,-11.88,1,0.0764,0.928,0.00347,0.202,0.367,80.001,4
spotify:track:3ZhsXJVSwis8J7s12vujkf,"Otra Madrugada","Otra Madrugada","Joanna Crass;Rorro;Zeper",2023-06-16,162000,0,false,31rtpyuaddhriw67bslugt3j7zby,2024-07-29T20:17:08Z,"afrobeat latino,r&b indie","Soundacer distributed by Altafonte",0.716,0.585,9,-7.812,1,0.0386,0.701,0.00000717,0.136,0.43,118.025,4
spotify:track:67oZMxbxJNJapzQEtKaYMe,"Juguete Roto","Rorro SAD : (","Rorro",2021-11-26,190000,34,false,31rtpyuaddhriw67bslugt3j7zby,2024-07-29T20:17:08Z,"","Rorro",0.662,0.356,4,-8.578,0,0.047,0.872,0.00000561,0.0951,0.197,119.86,4
spotify:track:41SiETspw66KcRIgYWE7Qc,"Luz de gas","Luz de gas","Porta;Rorro",2023-06-30,194522,0,false,31rtpyuaddhriw67bslugt3j7zby,2024-07-29T20:17:08Z,"","En Boca de Tantos distributed by Altafonte",0.56,0.732,9,-5.286,0,0.243,0.4,0,0.0959,0.553,167.902,4
spotify:track:6eNaF2R952oqEi7BEf9ySF,"Mi Cabeza","Mi Cabeza","Rorro",2021-08-20,162000,33,false,31rtpyuaddhriw67bslugt3j7zby,2024-07-29T20:17:08Z,"","Rorro",0.735,0.328,1,-11.972,0,0.0556,0.888,0.00196,0.149,0.365,119.993,4
spotify:track:3IhSOv9rJde06hMBESt7vS,"La Gomera","Summer Series '23","Juancho Marqués;Rorro",2023-09-17,136000,31,false,31rtpyuaddhriw67bslugt3j7zby,2024-07-29T20:17:08Z,"","WM Spain",0.857,0.55,1,-7.389,1,0.116,0.255,0.193,0.123,0.525,105.031,4
spotify:track:038sx40baI928rvHqvwlyC,"Del cielo","Del cielo","Rorro",2022-12-09,190344,32,false,31rtpyuaddhriw67bslugt3j7zby,2024-07-29T20:17:08Z,"","Rorro",0.434,0.42,6,-11.386,0,0.324,0.882,0.000112,0.0991,0.282,173.372,4
spotify:track:55zNmMdRp5brzkDEFIicCB,"Mucho más","Mucho más","Rorro;alPeDue",2022-06-17,191045,18,false,31rtpyuaddhriw67bslugt3j7zby,2024-07-29T20:17:08Z,"","Rorro",0.694,0.534,9,-8.903,1,0.0583,0.43,0.0000747,0.362,0.666,119.987,4
spotify:track:1iYnS5yyNTrbdHFWADzESd,"Debilidad","Debilidad","Rorro",2021-10-29,205333,28,false,31rtpyuaddhriw67bslugt3j7zby,2024-07-29T20:17:08Z,"","Rorro",0.42,0.444,0,-9.467,0,0.0899,0.724,0.0000901,0.0619,0.0984,89.976,4
spotify:track:2BiMjlzAspx3CbuGEdFE4f,"Ojitos verdes - Míralo Remix","Ojitos verdes (Míralo Remix)","Rorro;Vivienne;D3llano",2023-02-23,161270,26,false,31rtpyuaddhriw67bslugt3j7zby,2024-07-29T20:17:08Z,"","Rorro",0.633,0.637,6,-4.283,0,0.262,0.356,0,0.121,0.649,162.014,4
spotify:track:06JbxvU7hdbBw1eoEOUWW6,"Fuimos","Fuimos","Rorro",2022-02-18,181018,23,false,31rtpyuaddhriw67bslugt3j7zby,2024-07-29T20:17:08Z,"","Rorro",0.783,0.466,5,-6.563,1,0.0346,0.172,0.000749,0.109,0.252,120.031,4
spotify:track:1r9jp7jCq56tSq0Rxua96Z,"Estar mal está bien","Estar mal está bien","Rorro;Alex Granero",2022-05-06,196847,28,false,31rtpyuaddhriw67bslugt3j7zby,2024-07-29T20:17:08Z,"","Rorro",0.632,0.351,11,-10.735,1,0.0509,0.851,0.000246,0.647,0.432,138.131,4
spotify:track:6sasIcOlrBXmlPJrASTGQi,"Nada","Nada","Rorro",2024-03-15,174894,25,false,31rtpyuaddhriw67bslugt3j7zby,2024-07-29T20:17:08Z,"","Rorro",0.554,0.459,9,-7.817,0,0.179,0.778,0.00119,0.0997,0.449,151.012,4
spotify:track:1qec0VUARAwEVdeNYjLtDQ,"La última canción","La última canción","Rorro",2023-05-19,176571,24,false,31rtpyuaddhriw67bslugt3j7zby,2024-07-29T20:17:08Z,"","Rorro",0.483,0.418,6,-12.163,0,0.06,0.822,0.00000242,0.0793,0.214,139.604,4
spotify:track:10cAhxx93kDVFNsLKbaQE7,"No Aguantábamos","No Aguantábamos","Rorro",2023-12-01,127802,15,false,31rtpyuaddhriw67bslugt3j7zby,2024-07-29T20:17:08Z,"","Rorro",0.788,0.496,0,-6.64,0,0.0948,0.508,0.0243,0.112,0.525,100.002,4
spotify:track:01z5gGmtYds3vaSREf9JuI,"J*DER","J*DER","Rorro",2022-09-23,127661,20,false,31rtpyuaddhriw67bslugt3j7zby,2024-07-29T20:17:08Z,"","Rorro",0.769,0.57,1,-6.363,0,0.061,0.363,0.0962,0.0573,0.961,154.95,4
spotify:track:3JqERWCneZvD4lhgrmNsNS,"Me cuesta","Me cuesta","Rorro",2022-04-01,178124,24,false,31rtpyuaddhriw67bslugt3j7zby,2024-07-29T20:17:08Z,"","Rorro",0.575,0.789,4,-5.241,0,0.0639,0.327,0.0000998,0.0997,0.0788,128.025,4
spotify:track:0e5NLRjJWOQzIFHhxV9Jgi,"DESPREVENÍA","LO Q NO T DIJE </3","Dudi;Rorro",2022-04-01,171206,19,false,31rtpyuaddhriw67bslugt3j7zby,2024-07-29T20:17:08Z,"","WM Spain",0.733,0.696,5,-4.338,1,0.0729,0.291,0.0000015,0.0911,0.389,160.056,4
spotify:track:0L3ZjZ5gzrGj3bFw2BXkdU,"LOOP","LOOP","Rorro",2023-02-10,164745,16,false,31rtpyuaddhriw67bslugt3j7zby,2024-07-29T20:17:08Z,"","Rorro",0.844,0.557,4,-6.475,0,0.11,0.14,0.231,0.0926,0.293,118.003,4
spotify:track:1l8cKM7HDTvDjU8tytESPD,"CICATRICES","CICATRICES","Chill Chicos;Rorro",2023-06-09,194640,6,false,31rtpyuaddhriw67bslugt3j7zby,2024-07-29T20:17:08Z,"","Acqustic",0.675,0.597,11,-10.429,0,0.0681,0.626,0.0000968,0.0971,0.29,125.037,4
spotify:track:3X8mrC8rSmqd3vwl2CMZKe,"Hoy no salgo","Hoy no salgo","Rorro;sandro!",2023-10-20,221217,17,false,31rtpyuaddhriw67bslugt3j7zby,2024-07-29T20:17:08Z,"trap argentino","Rorro",0.5,0.683,3,-6.589,0,0.0382,0.571,0.000438,0.0771,0.49,139.99,4
spotify:track:65NCa9aMbxJhi2f3fRMRh2,"Me Elevo","Me Elevo","Sev's;Rorro;Aymí",2023-09-08,174960,11,false,31rtpyuaddhriw67bslugt3j7zby,2024-07-29T20:17:08Z,"","Sev's",0.721,0.81,7,-5.916,1,0.166,0.0892,0,0.11,0.706,124.971,4
spotify:track:2akqgxYJMrVRMDqwD0I2mu,"Vienes y te vas","Vienes y te vas","Ambi;Rorro;Danny Delgado",2023-04-14,182263,11,false,31rtpyuaddhriw67bslugt3j7zby,2024-07-29T20:17:08Z,"","Acqustic",0.595,0.68,7,-6.257,1,0.0436,0.243,0,0.124,0.369,159.893,4
spotify:track:3Ut7V60hl34ALbQgICYqn9,"Vida Mía","Vida Mía","Sadly;Fulston",2024-06-05,138000,8,false,31rtpyuaddhriw67bslugt3j7zby,2024-07-29T20:18:11Z,"","My Own Records",0.761,0.43,10,-12.399,0,0.0664,0.257,0.000203,0.122,0.367,119.869,4
spotify:track:4zsKazVLjpAKiEhhmNdsZm,"Voy a Poner a Madrid a Llorar - Remix","Voy a Poner a Madrid a Llorar (Remix)","Picasso;Sadly;Seijas",2021-01-22,183112,34,false,31rtpyuaddhriw67bslugt3j7zby,2024-07-29T20:18:25Z,"","Selecto Picasso",0.564,0.38,8,-11.622,0,0.0555,0.934,0.0000499,0.177,0.65,95.975,4
spotify:track:6kPyNjP9Jd2OnsHpEzKAuJ,"Reloj de arena","Reloj de arena","Sadly",2021-02-18,165103,26,false,31rtpyuaddhriw67bslugt3j7zby,2024-07-29T20:20:08Z,"","2693696 Records DK",0.685,0.434,8,-8.374,0,0.057,0.873,0.0000318,0.0866,0.383,145.026,4
spotify:track:0ET4FKl7LFiHW6Gsq1AF37,"Una Vez Más","Una Vez Más","Sadly;Delgao;D3llano",2021-03-26,189654,22,true,31rtpyuaddhriw67bslugt3j7zby,2024-07-29T20:20:48Z,"","Go Roneo",0.589,0.481,8,-9.85,1,0.107,0.734,0.00005,0.0888,0.296,170.017,4
spotify:track:1oTQswPYulvnHV1R8RHuws,"Nunca debí","Nunca debí","Sadly",2023-12-23,136800,8,false,31rtpyuaddhriw67bslugt3j7zby,2024-07-29T20:21:08Z,"","Sadly",0.78,0.652,4,-9.685,0,0.0536,0.276,0.0000171,0.13,0.329,99.993,4
spotify:track:60dYBtIV8f0gIum0Afeofl,"Reviví","Reviví","Sadly",2023-09-27,146616,7,false,31rtpyuaddhriw67bslugt3j7zby,2024-07-29T20:21:19Z,"","Sadly",0.719,0.752,0,-7.326,1,0.0377,0.727,0.0318,0.133,0.459,132.859,4
spotify:track:29P2oQEq0uHpifUsdKdN9P,"Cuentagotas","Cuentagotas","Sadly;Lyl B Lula",2023-05-14,155172,7,true,31rtpyuaddhriw67bslugt3j7zby,2024-07-29T20:21:27Z,"","Sadly",0.68,0.547,1,-8.409,0,0.144,0.577,0,0.107,0.36,116.014,4
spotify:track:6lbPL9QBZitLyAwOnXHWr6,"Madera de bambú","Madera de bambú","Sadly",2022-12-28,184615,23,true,31rtpyuaddhriw67bslugt3j7zby,2024-07-29T20:22:36Z,"","Sadly",0.761,0.457,11,-4.819,1,0.0744,0.363,0.00955,0.112,0.505,77.999,4
spotify:track:5BJnGgDJWtIXv7nPC4Rgky,"Juramento","Juramento","Sadly",2022-09-11,169600,14,false,31rtpyuaddhriw67bslugt3j7zby,2024-07-29T20:23:03Z,"","Sadly",0.626,0.718,10,-8.422,1,0.0315,0.573,0.00196,0.175,0.241,150.057,4
spotify:track:0yEfaHigzCAt2bEVRC3cBl,"El Paso del Tiempo","El Paso del Tiempo","Dante",2018-10-11,185930,34,true,315xwwjruou5735a6tm2ijxcblyi,2024-08-01T22:49:48Z,"","Dante",0.725,0.88,1,-7.711,1,0.335,0.556,0,0.0743,0.649,86.009,4
spotify:track:3hshYliEeBPGhbG2aEYTzs,"Superficial","Amor Subterráneo Vol.1","Taïn",2024-06-14,170810,30,true,315xwwjruou5735a6tm2ijxcblyi,2024-08-01T23:29:43Z,"","Esmerarte",0.561,0.839,8,-5.592,1,0.0351,0.116,0,0.197,0.77,159.959,4
spotify:track:1DtGLH9PCTDtR1CgeWT8Y7,"Protagonista","Protagonista","Taïn",2024-04-05,144492,8,false,315xwwjruou5735a6tm2ijxcblyi,2024-08-01T23:31:48Z,"","Esmerarte",0.633,0.816,0,-4.387,1,0.0466,0.0427,0,0.227,0.872,149.876,4
spotify:track:36GYTM7IhLBYnK0Ch86ntf,"Contigo","Contigo","Taïn",2024-05-10,222292,16,true,315xwwjruou5735a6tm2ijxcblyi,2024-08-01T23:33:05Z,"","Esmerarte",0.573,0.807,11,-4.287,1,0.13,0.102,0,0.172,0.488,82.664,4
spotify:track:1cZJtZ4tCmVEuLmWSeRUwU,"Me llevo más","Me llevo más","Sara Cortés;VenenoSauce",2024-03-03,166352,9,false,31rtpyuaddhriw67bslugt3j7zby,2024-08-03T08:27:56Z,"","SLKT",0.622,0.561,8,-7.097,0,0.0828,0.0681,0,0.101,0.376,119.986,4
spotify:track:01OXPK4tFPCAJ6B8buAEC8,"Su mirada","Su mirada","Sara Cortés;VenenoSauce",2023-08-09,209427,8,false,31rtpyuaddhriw67bslugt3j7zby,2024-08-03T08:29:20Z,"","SLKT",0.336,0.315,8,-10.807,0,0.0373,0.247,0.0000341,0.109,0.338,88.853,4
spotify:track:4WHDuNfRGpeVW9cQMhB34v,"Se fue ya","Se fue ya","Sara Cortés;VenenoSauce",2023-06-11,231079,10,false,31rtpyuaddhriw67bslugt3j7zby,2024-08-03T08:29:55Z,"","SLKT",0.326,0.418,3,-8.613,0,0.0312,0.615,0,0.135,0.141,149.763,3
spotify:track:1JjFXu1xlt1IduHyzXkBxU,"Cora Roto","Cora Roto","Sadly",2021-02-18,144000,25,false,31rtpyuaddhriw67bslugt3j7zby,2024-08-05T19:11:39Z,"","2693696 Records DK",0.731,0.266,0,-11.252,1,0.0431,0.862,0.298,0.145,0.438,120,4
spotify:track:0zEgnRmw71UzYLZxCH9zIG,"1924","1924","Sadly",2021-04-25,196000,23,false,31rtpyuaddhriw67bslugt3j7zby,2024-08-05T19:11:50Z,"","Sadly",0.51,0.465,7,-12.911,1,0.0334,0.676,0.0157,0.16,0.377,101.08,4
spotify:track:0UTVJVk5o3I0hWCa3f2PiL,"Lo Prometo","Ápeiron","Dante",2018-10-11,202527,36,false,315xwwjruou5735a6tm2ijxcblyi,2024-08-07T21:22:24Z,"","Dante",0.488,0.909,8,-6.743,0,0.298,0.72,0,0.0954,0.569,88.096,3
spotify:track:7B9W24wPvnwX0u7VKc4c5e,"HAS CAMBIADO","HAS CAMBIADO","Dante",2023-04-26,196363,44,true,315xwwjruou5735a6tm2ijxcblyi,2024-08-08T13:58:05Z,"","Dante",0.891,0.793,0,-8.455,1,0.171,0.756,0,0.0827,0.587,109.973,4
spotify:track:7hmI4j25JJWODg80sWNTWS,"Mil Maneras de Morir","Mil Maneras de Morir","3AM",2022-11-23,175000,51,false,315xwwjruou5735a6tm2ijxcblyi,2024-08-18T09:49:42Z,"r&b latino","3AM/Sony Music Latin",0.464,0.498,7,-7.45,1,0.0812,0.526,0,0.0505,0.189,83.672,4
spotify:track:7gCjn7hmQkOms3hqtn25Yc,"Todo irá bien","Todo irá bien","Fase",2020-04-23,108433,22,false,315xwwjruou5735a6tm2ijxcblyi,2024-08-18T10:04:29Z,"","Eler Music",0.681,0.485,9,-6.157,1,0.0714,0.765,0,0.0932,0.84,82.855,4
spotify:track:3oLe5ZILASG8vU5dxIMfLY,"The Search","The Search","NF",2019-07-26,248053,76,false,31rtpyuaddhriw67bslugt3j7zby,2024-08-18T14:14:01Z,"hip hop cristiano","NF Real Music",0.789,0.789,2,-4.813,1,0.298,0.598,0,0.099,0.37,119.95,4
spotify:track:07FkzikE6FuHIa8Ma7zJGc,"Lie","Perception","NF",2017-10-06,209213,76,false,31rtpyuaddhriw67bslugt3j7zby,2024-08-18T14:14:01Z,"hip hop cristiano","NF Real Music",0.749,0.659,5,-6.419,1,0.167,0.161,0,0.246,0.185,95.008,4
spotify:track:0rc9XLNs7KZXu2ASA3LbL8,"MISTAKE","HOPE","NF",2023-04-07,215186,69,false,31rtpyuaddhriw67bslugt3j7zby,2024-08-18T14:14:01Z,"hip hop cristiano","NF Real Music II",0.834,0.414,4,-5.978,0,0.0411,0.642,0,0.159,0.391,110.048,4
spotify:track:6MxMqCgqmekcr0VwSU7AVH,"Time","The Search","NF",2019-07-26,240428,72,false,31rtpyuaddhriw67bslugt3j7zby,2024-08-18T14:14:01Z,"hip hop cristiano","NF Real Music",0.677,0.688,0,-4.058,0,0.0633,0.138,0,0.114,0.198,98.049,4
spotify:track:1mvI5pGoh84IiFSbWxEkGH,"CLOUDS","CLOUDS (THE MIXTAPE)","NF",2021-03-26,243760,66,false,31rtpyuaddhriw67bslugt3j7zby,2024-08-18T14:14:01Z,"hip hop cristiano","NF Real Music",0.788,0.652,1,-3.931,1,0.405,0.373,0,0.755,0.812,128.108,4
spotify:track:4f80SteKqaB6M2JytEUrwT,"Chasing_(Demo)","Chasing_(Demo)","NF;Mikayla Sippel",2020-10-12,181714,61,false,31rtpyuaddhriw67bslugt3j7zby,2024-08-18T14:14:01Z,"hip hop cristiano","NF Real Music",0.498,0.0942,1,-18.713,1,0.126,0.952,0,0.13,0.299,139.218,4
spotify:track:5f3kUDuqbvjte2kcrbGIMc,"en verdad","en verdad","rickyedit",2021-09-17,160995,47,false,31rtpyuaddhriw67bslugt3j7zby,2024-09-03T17:08:30Z,"","YouPlanet Music",0.766,0.543,1,-8.782,1,0.0515,0.425,0.00000638,0.102,0.183,83.519,4
spotify:track:7awyLTxqX62l71OgYQlLBt,"Lo de siempre","Replay","Kronno Zomber;Zarcort;Piter-G;Cyclo",2022-04-13,239250,33,false,31rtpyuaddhriw67bslugt3j7zby,2024-09-05T11:12:21Z,"rap de anime","PlayerZ",0.638,0.738,6,-2.064,1,0.101,0.326,0,0.0951,0.809,84.675,4
spotify:track:4boWUisSgC9HbVnuthMnwQ,"Ahora Que Me Pides","Atlántida","Xenon;Zarcort",2018-11-23,242284,0,false,31rtpyuaddhriw67bslugt3j7zby,2024-09-05T11:21:08Z,"rap de anime","Boa Musica / Bolt Music distributed by Altafonte",0.653,0.751,11,-6.426,0,0.125,0.469,0,0.112,0.877,151.955,4
spotify:track:0BR9Lp3l4IWKq9WmDtJtda,"Una Botella por Amor","Penita Pena","M.Ferrero;Zarcort;Xenon;Piter-G",2018-12-31,282291,0,false,31rtpyuaddhriw67bslugt3j7zby,2024-09-05T11:25:10Z,"rap de anime","BoltMusic",0.619,0.794,4,-3.887,1,0.286,0.212,0,0.102,0.506,78.374,4
spotify:track:1sqyUYx3GTfY32Qmc0o5Z1,"Junio / Diciembre","Junio / Diciembre","M.Ferrero;Keyblade",2024-06-21,167560,32,false,31rtpyuaddhriw67bslugt3j7zby,2024-09-05T17:12:17Z,"rap de anime","Rapport Digital Music",0.705,0.548,4,-5.19,0,0.294,0.219,0.000276,0.197,0.789,82.016,4
spotify:track:7zl7KWfsnUdF7Rklj1zRhT,"Lunes","Lunes","Tedra;RAI Beatz",2021-01-11,129028,0,false,31rtpyuaddhriw67bslugt3j7zby,2024-09-06T12:19:54Z,"","2716180 Records DK",0.597,0.764,9,-8.525,1,0.279,0.731,0.00000686,0.109,0.657,202.111,4
spotify:track:4Qz85vqU4PsGMRoKoHGbCw,"Mírame Otra Vez","Mírame Otra Vez","Tedra;GI0X",2023-01-27,165622,0,false,31rtpyuaddhriw67bslugt3j7zby,2024-09-06T12:20:43Z,"","2716180 Records DK",0.703,0.486,0,-12.321,1,0.23,0.826,0,0.0947,0.634,115.763,4
spotify:track:2NangEmwujO8QBHfThIG1Q,"Todo Pasará","Todo Pasará","Tedra",2022-03-06,207360,0,false,31rtpyuaddhriw67bslugt3j7zby,2024-09-06T14:39:06Z,"","2716180 Records DK",0.563,0.536,10,-14.815,1,0.224,0.882,0.0000132,0.119,0.143,124.989,4
spotify:track:2lAneKByWrmOMKNhVqtaYR,"Última Promesa - Remix","Última Promesa (Remix)","Nou Nueve;Tedra",2023-05-24,162295,35,false,31rtpyuaddhriw67bslugt3j7zby,2024-09-06T14:39:43Z,"","Nou9Music",0.697,0.593,3,-10.089,0,0.0575,0.794,0,0.149,0.508,121.888,4
spotify:track:22cRDJU7O28rximtaV10oB,"Tras caer","Origami","Tedra",2024-02-22,136471,13,false,31rtpyuaddhriw67bslugt3j7zby,2024-09-06T14:42:38Z,"","2024 BoltMusic",0.8,0.766,7,-6.812,0,0.173,0.208,0.0000164,0.102,0.571,127.963,4
spotify:track:5pwD091Z4LgK0EZl67704m,"Señales de Humo","Señales de Humo","Tedra;RAI Beatz",2021-02-10,201396,0,false,31rtpyuaddhriw67bslugt3j7zby,2024-09-06T14:44:46Z,"","2716180 Records DK",0.795,0.684,10,-12.668,0,0.0742,0.811,0.0000386,0.116,0.513,115.001,4
spotify:track:7iYrjmpiU8H0zpzhtJXYmM,"Momentos Malos","Momentos Malos","Tedra;RAI Beatz",2021-05-28,198745,0,true,31rtpyuaddhriw67bslugt3j7zby,2024-09-06T14:46:14Z,"","2716180 Records DK",0.821,0.527,9,-12.179,1,0.0974,0.739,0.000369,0.109,0.674,128.08,4
spotify:track:6wdHMPVhlDqgaDcnMOTr8V,"Pase Lo Que Pase","Pase Lo Que Pase","Subze",2022-02-28,227777,18,false,31rtpyuaddhriw67bslugt3j7zby,2024-09-06T14:51:04Z,"","Insert Coin Records",0.561,0.767,6,-6.227,0,0.297,0.757,0,0.113,0.828,167.782,4
spotify:track:0Tj5CHnsFLH0QAdRptGAeC,"Tormenta","Tormenta","Subze",2017-12-12,231818,52,false,31rtpyuaddhriw67bslugt3j7zby,2024-09-06T14:52:10Z,"","Insert Coin Records",0.61,0.782,6,-7.011,1,0.466,0.489,0,0.0848,0.437,175.711,4
spotify:track:7yzJgwUE1yUW4ilkeH8myG,"Guerrero","Guerrero","Subze;Edoby",2018-04-02,182068,42,false,31rtpyuaddhriw67bslugt3j7zby,2024-09-06T14:54:29Z,"","Insert Coin Records",0.563,0.818,11,-4.066,1,0.19,0.794,0,0.0913,0.518,173.919,4
spotify:track:1h9D9LLX8j232p7S7v7C6G,"Carta a Tu Ansiedad","Carta a Tu Ansiedad","Subze;Dante",2018-06-29,266666,39,false,31rtpyuaddhriw67bslugt3j7zby,2024-09-06T14:57:39Z,"","Insert Coin Records",0.698,0.774,11,-8.347,1,0.35,0.491,0,0.0619,0.305,89.686,4
spotify:track:6cRDVtDoi02q9WFrROPuSb,"Detrás de Todos","Detrás de Todos","Rafa Espino;Subze;Nous Nizzy",2019-02-01,288006,31,false,31rtpyuaddhriw67bslugt3j7zby,2024-09-06T22:45:21Z,"","Be Eternal Music",0.453,0.681,2,-6.786,1,0.0646,0.79,0,0.118,0.481,86.637,4
spotify:track:3JLZG9t7oqk37tYgsI0KlG,"Valores","Valores","Subze",2018-01-07,279050,38,false,31rtpyuaddhriw67bslugt3j7zby,2024-09-06T22:46:47Z,"","Insert Coin Records",0.61,0.854,0,-3.965,1,0.173,0.354,0,0.166,0.568,159.956,4
spotify:track:7Hdq8e35c4E7ujmT8F9I3g,"Arañazos","Arañazos","Subze",2019-06-28,240000,35,false,31rtpyuaddhriw67bslugt3j7zby,2024-09-07T13:33:24Z,"","Insert Coin Records",0.663,0.642,5,-4.818,1,0.0389,0.0281,0,0.436,0.223,130.084,4
spotify:track:0RvagJrZBODa1Q8npt1Bt0,"Para Mi","Pa ti","Rorro",2024-07-26,136390,4,false,31rtpyuaddhriw67bslugt3j7zby,2024-09-07T13:35:59Z,"","Rorro",0.743,0.705,11,-5.467,0,0.0896,0.411,0.273,0.0714,0.466,129.925,4
spotify:track:3PLtBfjEXgBifidTXbYMrg,"Atelofobia","Atelofobia","Diegales",2022-08-15,173591,14,false,315xwwjruou5735a6tm2ijxcblyi,2024-09-16T15:35:56Z,"","Diegales.",0.34,0.379,0,-14.208,1,0.047,0.904,0.000194,0.109,0.374,97.365,3
spotify:track:0UOHFNM40NHZqw9QnGwRpi,"Llorando En Las Vegas","Llorando En Las Vegas","Piter-G;Zarcort;Cyclo;Kronno Zomber",2024-09-17,181333,30,false,31rtpyuaddhriw67bslugt3j7zby,2024-09-17T21:01:12Z,"rap de anime","Piter-G",0.5,0.663,9,-7.224,0,0.355,0.454,0,0.081,0.546,179.196,4
spotify:track:2CZC7Q3SrfwRLd4s7mJOHL,"Dime Qué Ves?","TWO","Lytos",2020-01-26,281029,43,false,315xwwjruou5735a6tm2ijxcblyi,2024-09-28T16:22:45Z,"","Lytos Music",0.569,0.755,11,-8.288,0,0.342,0.546,0,0.0957,0.812,128.093,4
spotify:track:7mwNNHFg4xZ0txuSlNeIze,"Por Nada","Por Nada","Piter-G;Cyclo;AMBKOR;Kronno Zomber;Zarcort",2024-10-10,249818,40,false,31rtpyuaddhriw67bslugt3j7zby,2024-10-10T20:32:36Z,"rap de anime","Piter-G",0.607,0.685,0,-4.929,0,0.322,0.603,0,0.108,0.584,110.072,4
spotify:track:0x4oXIpaGEovdXaq46Q4GY,"Miedo","Miedo","Piter-G",2019-10-05,116700,0,false,31rtpyuaddhriw67bslugt3j7zby,2024-10-10T20:35:29Z,"","BoltMusic",0.714,0.453,4,-7.665,1,0.134,0.681,0,0.0981,0.855,150.052,3
spotify:track:1tNEMcpzTHLR2wsn3BQN5d,"Lo Siento","Lo Siento","Lytos",2020-04-12,227276,44,false,315xwwjruou5735a6tm2ijxcblyi,2024-10-14T15:49:01Z,"","Lytos Music",0.624,0.576,5,-9.036,0,0.335,0.762,0,0.164,0.633,79.987,4
spotify:track:6nGh9IU1fV6H67PVYRfaS5,"era","era","rickyedit",2021-10-24,171049,41,false,31rtpyuaddhriw67bslugt3j7zby,2024-11-10T11:02:58Z,"","YouPlanet Music",0.487,0.572,2,-9.605,1,0.112,0.385,0.000071,0.106,0.0885,159.928,4
spotify:track:0D3X0R2HmWM3ZNxvOorZ0G,"Cobarde","Cobarde","Piter-G",2021-05-21,180000,0,false,31rtpyuaddhriw67bslugt3j7zby,2024-11-10T11:03:30Z,"","BoltMusic",0.737,0.799,5,-2.966,0,0.395,0.287,0,0.114,0.723,85.907,4
spotify:track:3BBatx28xPR0cWH3KHARI0,"si mañana","si mañana","rickyedit",2023-12-25,179423,45,false,31rtpyuaddhriw67bslugt3j7zby,2024-11-10T11:03:30Z,"","YouPlanet Music",0.66,0.799,11,-6.91,0,0.0361,0.0131,0.00000184,0.24,0.397,104.002,4
spotify:track:2ahwgQbE14WzKGKeiALUmD,"blu","eras to esto","rickyedit",2023-08-18,160000,48,false,31rtpyuaddhriw67bslugt3j7zby,2024-11-10T11:03:30Z,"","YouPlanet Music",0.565,0.479,10,-9.998,1,0.0483,0.203,0.0000404,0.0977,0.0869,75.051,4
spotify:track:0sDaoQKyvmvPl355jivLAJ,"hoa","hoa","rickyedit",2022-07-24,209486,41,false,31rtpyuaddhriw67bslugt3j7zby,2024-11-10T11:03:30Z,"","YouPlanet Music",0.75,0.479,6,-10.778,0,0.113,0.0366,0.0000556,0.264,0.0992,87.481,4
spotify:track:6dnNmjz2asE1LsKDDuMul9,"el otro era yo","el otro era yo","rickyedit",2024-07-06,156556,49,false,31rtpyuaddhriw67bslugt3j7zby,2024-11-10T11:03:30Z,"","YouPlanet Music",0.647,0.844,5,-7.056,1,0.0398,0.087,0,0.598,0.94,128.601,4
spotify:track:4i44BQiyplTEvH9S415cCE,"Mírame","Mírame","Rorro",2024-10-18,132972,24,false,31rtpyuaddhriw67bslugt3j7zby,2024-11-11T19:56:57Z,"","Rorro.",0.658,0.629,4,-4.983,0,0.0605,0.376,0,0.0972,0.247,147.989,4
spotify:track:2uBtbQ7rCWzsjWaiT9hfjK,"No te vayas del todo (Nené)","Contradicción","Cepeda;SAZZA",2024-10-11,143018,25,false,31rtpyuaddhriw67bslugt3j7zby,2024-11-11T19:58:34Z,"","Cepeda",0.717,0.746,2,-5.24,1,0.0484,0.653,0.000013,0.162,0.542,143.909,4
spotify:track:5zuJPMiDqbpnjb83tcKe0Q,"Copia de nosotras","Nómada","SAZZA",2024-05-24,142464,13,false,31rtpyuaddhriw67bslugt3j7zby,2024-11-11T19:59:18Z,"","Peripecia",0.591,0.531,11,-7.482,1,0.191,0.57,0,0.171,0.656,99.897,4
spotify:track:6wvguRlJ9tPc2UVvLIk80B,"Bala perdida","Nómada","SAZZA",2024-05-24,142948,32,false,31rtpyuaddhriw67bslugt3j7zby,2024-11-11T19:59:18Z,"","Peripecia",0.459,0.448,0,-8.335,1,0.0364,0.838,0.0000168,0.135,0.433,93.029,3
spotify:track:0VREGOal1p3dghjMEz0znE,"Tu perfume","Nómada","SAZZA",2024-05-24,137885,19,false,31rtpyuaddhriw67bslugt3j7zby,2024-11-11T19:59:18Z,"","Peripecia",0.862,0.643,11,-5.788,0,0.0793,0.738,0.000518,0.116,0.395,99.986,4
spotify:track:4p5pRd94l4su1XJNeZJh48,"Casi te vas","Nómada","SAZZA",2024-05-24,174032,31,false,31rtpyuaddhriw67bslugt3j7zby,2024-11-11T19:59:18Z,"","Peripecia",0.535,0.624,9,-8.171,1,0.039,0.189,0.00000985,0.163,0.446,124.836,4
spotify:track:60jkCtsmauPO9Z94bLkfsD,"Se nos rompió el amor (Nené)","Contradicción","Cepeda",2024-10-11,189767,22,false,31rtpyuaddhriw67bslugt3j7zby,2024-11-11T20:00:58Z,"","Cepeda",0.371,0.843,3,-4.406,1,0.076,0.0257,0.00000337,0.157,0.346,172.007,4
spotify:track:6ol75lR6KANNSNtHOY4W6p,"Bon voyage (Nené)","Contradicción","Cepeda",2024-10-11,178368,24,false,31rtpyuaddhriw67bslugt3j7zby,2024-11-11T20:00:58Z,"","Cepeda",0.661,0.758,2,-5.302,0,0.0435,0.11,0.00000442,0.208,0.39,121.87,4
spotify:track:2pSO5FbNptzdggmfnQIH74,"Cuéntale","Contradicción","Cepeda",2024-10-11,182368,31,false,31rtpyuaddhriw67bslugt3j7zby,2024-11-11T20:00:58Z,"","Cepeda",0.566,0.454,11,-9.591,1,0.0402,0.487,0,0.0963,0.403,133.801,4
spotify:track:1ghXriQn71UOUWwNX0Ks2I,"Tus Lunares (Nené)","Contradicción","Cepeda",2024-10-11,170490,17,false,31rtpyuaddhriw67bslugt3j7zby,2024-11-11T20:00:58Z,"","Cepeda",0.662,0.752,4,-4.27,1,0.225,0.195,0,0.319,0.868,170.019,4
spotify:track:4NpBCmq7dYUEvvLtHtQD3W,"Esquini Love","Contradicción","Cepeda",2024-10-11,162968,19,false,31rtpyuaddhriw67bslugt3j7zby,2024-11-11T20:00:58Z,"","Cepeda",0.739,0.661,5,-6.198,1,0.184,0.531,0.0000425,0.102,0.592,88.078,4
spotify:track:7pTjImwBw7YDGFBKqioSVD,"Una canción para mí","Contradicción","Cepeda",2024-10-11,187432,25,false,31rtpyuaddhriw67bslugt3j7zby,2024-11-11T20:00:58Z,"","Cepeda",0.376,0.724,3,-5.043,1,0.0624,0.137,0,0.0831,0.408,146.382,4
spotify:track:1lfzY7nJNUMlrndxc6ejNl,"67280","Contradicción","Cepeda",2024-10-11,175573,22,false,31rtpyuaddhriw67bslugt3j7zby,2024-11-11T20:00:58Z,"","Cepeda",0.677,0.686,10,-5.29,0,0.0326,0.333,0,0.0985,0.835,121.97,4
spotify:track:0zvtUrkyp7JYmQqha1aQGK,"Terciopelo ( Nené )","Contradicción","Cepeda",2024-10-11,161148,14,false,31rtpyuaddhriw67bslugt3j7zby,2024-11-11T20:00:58Z,"","Cepeda",0.486,0.577,1,-7.229,1,0.339,0.0992,0,0.109,0.375,147.793,4
spotify:track:5OUcCSekCoR6RKEDdfbzQw,"Mi estrella","Contradicción","Cepeda",2024-10-11,162778,28,false,31rtpyuaddhriw67bslugt3j7zby,2024-11-11T20:00:58Z,"","Cepeda",0.28,0.671,3,-5.684,0,0.0512,0.0735,0,0.118,0.484,93.957,4
spotify:track:6JWo7e0oltRqmRD7nKm1h4,"Tu maqueta","Contradicción","Cepeda",2024-10-11,165879,21,false,31rtpyuaddhriw67bslugt3j7zby,2024-11-11T20:00:58Z,"","Cepeda",0.53,0.474,2,-7.315,1,0.0524,0.463,0,0.107,0.689,139.39,4
spotify:track:2GSJ1HTPeXfEUGjd6sOnlh,"Lagartijas (Nené)","Contradicción","Cepeda",2024-10-11,214325,25,false,31rtpyuaddhriw67bslugt3j7zby,2024-11-11T20:00:58Z,"","Cepeda",0.644,0.315,6,-8.711,1,0.0327,0.554,0,0.0882,0.402,106.933,4
spotify:track:2J2PuQS0eyoBsQcZJgxA9q,"Tus Lunares (Nené)","La Adicción","Cepeda",2024-06-06,170490,14,false,31rtpyuaddhriw67bslugt3j7zby,2024-11-11T20:01:22Z,"","Cepeda",0.662,0.752,4,-4.27,1,0.225,0.195,0,0.319,0.868,170.019,4
spotify:track:3esF3OtYjpoBUmTESiyM3r,"Se nos rompió el amor (Nené)","Se nos rompió el amor (Nené)","Cepeda",2024-07-25,189767,17,false,31rtpyuaddhriw67bslugt3j7zby,2024-11-11T20:01:22Z,"","Cepeda",0.374,0.852,3,-4.421,1,0.0764,0.0293,0.00000118,0.155,0.361,171.885,4
spotify:track:3sCDeRERvaYOw2Wbbgd8S3,"Tal Como Eres","Otero y Yo","David Otero;Cepeda",2021-03-05,242653,0,false,31rtpyuaddhriw67bslugt3j7zby,2024-11-11T20:01:22Z,"","Altafonte",0.721,0.681,10,-5.421,1,0.0247,0.124,0,0.251,0.661,112.994,4
spotify:track:6H6gD1YE6pkljriSI9wJHd,"Cuéntale","La Adicción","Cepeda",2024-06-06,182368,19,false,31rtpyuaddhriw67bslugt3j7zby,2024-11-11T20:01:22Z,"","Cepeda",0.566,0.454,11,-9.591,1,0.0402,0.487,0,0.0963,0.403,133.801,4
spotify:track:3NrZIp9TiYVMV8NbYXa4RJ,"Cibeles","Sempiterno","Cepeda",2022-10-13,201320,25,false,31rtpyuaddhriw67bslugt3j7zby,2024-11-11T20:01:22Z,"","Universal Music Spain S.L.",0.49,0.893,1,-4.512,1,0.0486,0.0123,0,0.139,0.374,149.857,4
spotify:track:73jXsDRsg1rIa8sOqI3fPI,"Bipolar (con Cepeda)","Bipolar (con Cepeda)","Pol 3.14;Cepeda",2020-06-19,251219,9,false,31rtpyuaddhriw67bslugt3j7zby,2024-11-11T20:01:22Z,"","La Cupula Music",0.599,0.84,7,-6.665,1,0.0337,0.00135,0.0000991,0.211,0.176,123.028,4
spotify:track:4xLg8ilWzOYwHeB92ZDmoD,"Esta Vez","Principios","Cepeda",2018-06-29,223600,35,false,31rtpyuaddhriw67bslugt3j7zby,2024-11-11T20:01:22Z,"","Universal Music Spain S.L.",0.595,0.807,0,-4.077,0,0.0445,0.0267,0,0.144,0.421,120.047,4
spotify:track:3j3BpdQnDCbuovfLkntIQ5,"La Fortuna","La Fortuna","Cepeda",2021-07-22,182700,30,false,31rtpyuaddhriw67bslugt3j7zby,2024-11-11T20:01:22Z,"","Universal Music Spain S.L.",0.69,0.741,2,-5.079,1,0.0279,0.0182,0,0.121,0.812,93.969,4
spotify:track:2MIuZxR2C5DvQhNWdcc3ob,"Si Tú Existieras","Si Tú Existieras","Cepeda",2020-07-23,237403,30,false,31rtpyuaddhriw67bslugt3j7zby,2024-11-11T20:01:22Z,"","Universal Music Spain S.L.",0.291,0.549,9,-6.636,1,0.0338,0.262,0,0.102,0.182,71.258,4
spotify:track:5XY8TvvQyiKGyStM470H1R,"Demasiado Tarde","Ilusionismo","Despistaos;Cepeda",2022-02-25,219165,26,false,31rtpyuaddhriw67bslugt3j7zby,2024-11-11T20:01:22Z,"","WM Spain",0.575,0.878,4,-4.217,0,0.0362,0.0209,0.00000904,0.107,0.726,149.98,4
spotify:track:6H5XzMWAkkud9JK9oCB6iL,"La Canción Al Revés","Nuestros Principios","Cepeda;Antonio José",2019-06-13,216969,31,false,31rtpyuaddhriw67bslugt3j7zby,2024-11-11T20:01:22Z,"flamenco,flamenco pop,bachata","Universal Music Spain S.L.",0.51,0.679,6,-4.532,1,0.0426,0.377,0,0.111,0.27,140.049,4
spotify:track:5J1uf4cKWoegkC4HpHdxg8,"Salí A Buscarte","Con Los Pies En El Suelo","Cepeda;Funambulista",2020-10-08,228140,28,false,31rtpyuaddhriw67bslugt3j7zby,2024-11-11T20:01:22Z,"cantautores","Universal Music Spain S.L.",0.518,0.887,3,-3.908,1,0.0588,0.0516,0,0.105,0.386,94.054,4
spotify:track:0GTR8qhWwZGpOvf0xI2QWG,"Por Ti Estaré","Principios","Cepeda",2018-06-29,208600,32,false,31rtpyuaddhriw67bslugt3j7zby,2024-11-11T20:01:22Z,"","Universal Music Spain S.L.",0.315,0.563,7,-5.608,0,0.0538,0.691,0,0.103,0.271,175.713,3
spotify:track:6B0a6R8vTvrc2TxdbKHQVZ,"Vuela","Nuestros Principios","Cepeda",2019-06-13,253227,34,false,31rtpyuaddhriw67bslugt3j7zby,2024-11-11T20:01:22Z,"","Universal Music Spain S.L.",0.472,0.444,10,-6.483,1,0.0362,0.388,0,0.105,0.219,75.133,4
spotify:track:4G6oj1Vdvpm6I46ZHLpnEz,"La Misma Dirección","La Misma Dirección","Roi;Cepeda",2021-04-08,189188,27,false,31rtpyuaddhriw67bslugt3j7zby,2024-11-11T20:01:22Z,"","Universal Music Spain S.L.",0.284,0.728,2,-3.673,1,0.0466,0.0469,0,0.114,0.576,158.007,4
spotify:track:0TVd89dGZa0gU5QhmJtIgk,"Nené","Sempiterno","Cepeda",2022-10-13,206573,24,false,31rtpyuaddhriw67bslugt3j7zby,2024-11-11T20:01:22Z,"","Universal Music Spain S.L.",0.457,0.803,9,-5.617,1,0.0587,0.00395,0,0.227,0.455,170.02,4
spotify:track:0Z1HqWcpHjlw1RiLoZE8Y2,"Si Me Dices","Principios","Cepeda",2018-06-29,209906,23,false,31rtpyuaddhriw67bslugt3j7zby,2024-11-11T20:01:22Z,"","Universal Music Spain S.L.",0.523,0.861,2,-3.667,1,0.0837,0.145,0,0.101,0.233,102.833,4
spotify:track:2RhSTtabfFNSvMXwyPlK3L,"Más Que Nada","Nuestros Principios","Cepeda;India Martinez",2019-06-13,231376,27,false,31rtpyuaddhriw67bslugt3j7zby,2024-11-11T20:01:22Z,"flamenco,flamenco pop","Universal Music Spain S.L.",0.36,0.725,9,-4.557,1,0.0813,0.581,0,0.0885,0.308,95.173,4
spotify:track:3NT2Q6TUsr6YWEIL8BlXVn,"Qué Bonito","Qué Bonito","Cepeda;Pepe Bernabé",2022-04-07,169859,24,false,31rtpyuaddhriw67bslugt3j7zby,2024-11-11T20:01:22Z,"flamenco pop,flamenco,flamenco urbano","Universal Music Spain S.L.",0.608,0.567,11,-5.699,1,0.0513,0.019,0,0.32,0.491,141.894,4
spotify:track:4CjSWBXMHBDXWqquI22ghD,"Pastillas Rosas","Sempiterno","Cepeda",2022-10-13,172173,20,false,31rtpyuaddhriw67bslugt3j7zby,2024-11-11T20:01:22Z,"","Universal Music Spain S.L.",0.61,0.672,0,-7.803,1,0.0883,0.107,0,0.182,0.785,144.041,4
spotify:track:2MxmO3eICT8YvcvTQSTfsw,"2007","Con Los Pies En El Suelo","Cepeda;David Otero",2020-10-08,211045,24,false,31rtpyuaddhriw67bslugt3j7zby,2024-11-11T20:01:22Z,"","Universal Music Spain S.L.",0.43,0.868,9,-4.289,1,0.0573,0.0565,0,0.102,0.527,180.136,4
spotify:track:1D65GBOeGo65mm7x51udrS,"Fuimos Vida","Nuestros Principios","Cepeda",2019-06-13,226874,28,false,31rtpyuaddhriw67bslugt3j7zby,2024-11-11T20:01:22Z,"","Universal Music Spain S.L.",0.443,0.633,3,-5.813,1,0.0369,0.506,0,0.11,0.238,149.863,4
spotify:track:1QlvTpWu1HmbCytJeLuxHa,"No Hablan Más De Ti","No Hablan Más De Ti","Julia Medina;Cepeda",2020-12-03,195372,23,false,31rtpyuaddhriw67bslugt3j7zby,2024-11-11T20:01:22Z,"","Universal Music Spain S.L.",0.38,0.509,5,-4.927,1,0.0314,0.0744,0,0.162,0.249,78.088,4
spotify:track:4IYL54rlDM8CL4T4HMXUbL,"Lo Que Ven","Sempiterno","Cepeda",2022-10-13,197146,22,false,31rtpyuaddhriw67bslugt3j7zby,2024-11-11T20:01:22Z,"","Universal Music Spain S.L.",0.534,0.719,11,-6.753,1,0.0461,0.0206,0,0.257,0.576,153.941,4
spotify:track:6d5YRKdj9Fsvz5ZUO1I4mK,"Pídeme La Vida","Principios","Cepeda",2018-06-29,157693,25,false,31rtpyuaddhriw67bslugt3j7zby,2024-11-11T20:01:22Z,"","Universal Music Spain S.L.",0.457,0.361,7,-7.375,1,0.0426,0.833,0,0.114,0.524,80.937,4
spotify:track:3pjlAhfQPPG7LFWiUo6jMo,"Culpable O No","Culpable O No","Ana Guerra;Cepeda",2019-12-19,214591,23,false,31rtpyuaddhriw67bslugt3j7zby,2024-11-11T20:01:22Z,"","Universal Music Spain S.L.",0.605,0.813,10,-3.32,1,0.0408,0.0974,0,0.329,0.476,132.049,4
spotify:track:7jCXaj3oEoMDtmiN8FL0qk,"Otro Día Más","Sempiterno","Cepeda",2022-10-13,176933,20,false,31rtpyuaddhriw67bslugt3j7zby,2024-11-11T20:01:22Z,"","Universal Music Spain S.L.",0.553,0.648,8,-7.037,1,0.0556,0.0211,0,0.0426,0.469,155.96,4
spotify:track:6m0Vi61HAzveSMWsC5i7hi,"Llegas Tú","Principios","Cepeda",2018-06-29,194546,25,false,31rtpyuaddhriw67bslugt3j7zby,2024-11-11T20:01:22Z,"","Universal Music Spain S.L.",0.292,0.465,7,-6.796,1,0.0397,0.45,0,0.124,0.247,79.98,4
spotify:track:59MKAbhd7NLqKIucgY2e8V,"Acordes Menores","Con Los Pies En El Suelo","Cepeda",2020-10-08,192514,19,false,31rtpyuaddhriw67bslugt3j7zby,2024-11-11T20:01:22Z,"","Universal Music Spain S.L.",0.39,0.315,1,-6.691,1,0.0364,0.774,0,0.111,0.309,73.376,4
spotify:track:2kzc892CLLfzQM75scJIeS,"Tú Desnuda","Nuestros Principios","Cepeda",2019-06-13,180793,23,false,31rtpyuaddhriw67bslugt3j7zby,2024-11-11T20:01:22Z,"","Universal Music Spain S.L.",0.456,0.377,7,-7.619,1,0.0361,0.846,0,0.0987,0.25,145.473,4
spotify:track:1qa865RnUFEAW6NSM4fKAT,"Niña Pija","Sempiterno","Cepeda",2022-10-13,189386,18,false,31rtpyuaddhriw67bslugt3j7zby,2024-11-11T20:01:22Z,"","Universal Music Spain S.L.",0.498,0.893,11,-3.399,1,0.111,0.00118,0,0.309,0.691,80.116,4
spotify:track:1PRC1xolV64HIi1L4bEhUz,"Me Da Igual","Principios","Cepeda",2018-06-29,182000,22,false,31rtpyuaddhriw67bslugt3j7zby,2024-11-11T20:01:22Z,"","Universal Music Spain S.L.",0.521,0.698,1,-4.009,1,0.0301,0.355,0,0.0929,0.482,148.019,4
spotify:track:6wcNaR2D7ROfEmSSy49Uy3,"No Creo En Nada","No Creo En Nada","María Parrado;Cepeda",2018-11-08,191305,23,false,31rtpyuaddhriw67bslugt3j7zby,2024-11-11T20:01:22Z,"","Universal Music Spain S.L.",0.418,0.723,4,-3.721,1,0.0465,0.336,0,0.0919,0.308,180.029,3
spotify:track:62k3CzitOu3LaKzpfKeqfA,"Ni hablamos","Ni hablamos","mafalda cardenal;Dudi",2022-03-03,167368,42,false,31rtpyuaddhriw67bslugt3j7zby,2024-11-11T20:05:50Z,"","Mafalda Cardenal",0.569,0.546,0,-6.905,1,0.0651,0.654,0,0.223,0.396,95.073,4
spotify:track:0tLXkjxahQsnZkKP2GXXf6,"tu fan","tu fan","mafalda cardenal",2023-05-26,240473,1,false,31rtpyuaddhriw67bslugt3j7zby,2024-11-11T20:06:59Z,"","Zartist Music",0.586,0.431,1,-5.187,1,0.0465,0.398,0,0.292,0.405,84.412,3
spotify:track:4WOLdudWcyjYUuRYGYd8uY,"solo un nombre","solo un nombre","mafalda cardenal",2024-09-06,168661,40,false,31rtpyuaddhriw67bslugt3j7zby,2024-11-11T20:06:59Z,"","Sony Music Entertainment España / Zartist Music",0.513,0.797,2,-3.792,1,0.0532,0.0351,0,0.601,0.542,164.187,4
spotify:track:1tsDeT9fYmmrsecrXDKAV4,"Rotos","El Cantante","Pole.;mafalda cardenal",2024-05-31,228470,45,false,31rtpyuaddhriw67bslugt3j7zby,2024-11-11T20:06:59Z,"","Sony Music Entertainment",0.548,0.541,2,-4.504,1,0.0337,0.122,0,0.094,0.535,80.009,4
spotify:track:226QoQqaAhCQun0LzpFlQE,"pa que me cantes en el coche","pa que me cantes en el coche","mafalda cardenal",2021-12-09,199356,0,true,31rtpyuaddhriw67bslugt3j7zby,2024-11-11T20:06:59Z,"","2021 Zartist Music, S.L.",0.446,0.71,8,-5.627,1,0.0937,0.632,0,0.0813,0.814,96.255,4
spotify:track:5GSYRjrn12Wdh1V38b8hVR,"tus manias","tus manias","mafalda cardenal",2024-05-31,199000,43,false,31rtpyuaddhriw67bslugt3j7zby,2024-11-11T20:06:59Z,"","Sony Music Entertainment",0.386,0.338,2,-11.267,1,0.0369,0.757,0,0.371,0.378,164.367,3
spotify:track:3eS2dxoXyzIe4IcqFV6APq,"no se vale ser tan guapa","no se vale ser tan guapa","Polo Nandez;Zeper;mafalda cardenal",2022-07-04,177906,0,false,31rtpyuaddhriw67bslugt3j7zby,2024-11-11T20:06:59Z,"afrobeat latino","Soundacer",0.773,0.791,7,-2.913,1,0.0387,0.039,0,0.168,0.906,126.049,4
spotify:track:5i5lATzbEgJQHsSrkkFMud,"si tiene que ser será.","si tiene que ser será.","mafalda cardenal",2022-11-10,201998,55,false,31rtpyuaddhriw67bslugt3j7zby,2024-11-11T20:06:59Z,"","Mafalda Cardenal",0.433,0.279,2,-10.222,1,0.0534,0.538,0,0.066,0.371,169.846,4
spotify:track:52T4reGBKaHkDkTNt9YEGo,"fuimos amigos","fuimos amigos","mafalda cardenal",2023-12-01,168750,0,false,31rtpyuaddhriw67bslugt3j7zby,2024-11-11T20:06:59Z,"","2023 Zartist Music",0.503,0.336,9,-6.977,1,0.0284,0.663,0,0.269,0.222,79.833,3
spotify:track:58ove9RPbXPbEjDdw1YNEk,"Madrid","Esta Vida Es Un Jaleo","Pole.;mafalda cardenal",2022-11-04,228817,40,false,31rtpyuaddhriw67bslugt3j7zby,2024-11-11T20:06:59Z,"","Sony Music Entertainment",0.641,0.657,0,-6.031,1,0.0334,0.0482,0,0.171,0.457,88.025,4
spotify:track:5sWjlZq5tLFFSMBJHvAfgm,"NARCOS","NARCOS","Enol;mafalda cardenal",2023-11-20,170000,42,false,31rtpyuaddhriw67bslugt3j7zby,2024-11-11T20:06:59Z,"","WM Spain",0.637,0.753,3,-5.844,1,0.0357,0.493,0,0.107,0.646,92.867,4
spotify:track:560W6l0S0kgeinoxuUeHL7,"Ni hablamos","Ni hablamos","mafalda cardenal;Dudi",2022-03-03,167368,0,false,31rtpyuaddhriw67bslugt3j7zby,2024-11-11T20:06:59Z,"","Zartist Music",0.519,0.544,0,-6.913,1,0.0794,0.65,0,0.222,0.384,94.933,4
spotify:track:5zZP6IPAJPiVziwEgHGacL,"a ella la llevas a paris","a ella la llevas a paris","mafalda cardenal",2022-01-27,204413,0,true,31rtpyuaddhriw67bslugt3j7zby,2024-11-11T20:06:59Z,"","Zartist Music",0.564,0.798,1,-4.004,1,0.0492,0.65,0,0.318,0.606,144.953,4
spotify:track:5EAf5xJwJUsTgC4ZBhRkvI,"CADA VIERNES","CADA VIERNES","Acereda;mafalda cardenal",2022-07-15,184285,0,false,31rtpyuaddhriw67bslugt3j7zby,2024-11-11T20:06:59Z,"techengue","Pep's Music/MMN Group",0.785,0.627,4,-8.685,1,0.29,0.708,0,0.17,0.707,126.051,4
spotify:track:1pOjXaeX3mQDIDqTx2lGWL,"solo se que no se que","solo se que no se que","mafalda cardenal",2023-10-30,151500,0,false,31rtpyuaddhriw67bslugt3j7zby,2024-11-11T20:06:59Z,"","2023 Zartist Music",0.607,0.904,11,-4.093,0,0.103,0.0111,0.00000208,0.211,0.563,169.791,4
spotify:track:4iqKBpvChifJ6FeUF6OzQM,"llámame dentro de 5 años","llámame dentro de 5 años","mafalda cardenal",2023-03-09,179259,0,false,31rtpyuaddhriw67bslugt3j7zby,2024-11-11T20:06:59Z,"","Zartist Music.",0.619,0.871,1,-3.121,1,0.042,0.00788,0,0.306,0.872,161.857,4
spotify:track:6y669iBVOzMyNG5MfXDMTY,"me gustas mas que un bigmac","me gustas mas que un bigmac","mafalda cardenal",2022-03-24,199537,0,false,31rtpyuaddhriw67bslugt3j7zby,2024-11-11T20:06:59Z,"","Zartist Music",0.615,0.865,0,-5.143,1,0.0484,0.428,0.00000514,0.282,0.741,155.024,4
spotify:track:6KAnte72ukph4J9JSS0Hbq,"desquererte","desquererte","mafalda cardenal",2022-05-19,158750,0,false,31rtpyuaddhriw67bslugt3j7zby,2024-11-11T20:06:59Z,"","Zartist Music",0.567,0.943,1,-4.24,1,0.0442,0.00846,0.0000132,0.0436,0.66,96.111,4
spotify:track:1AinD2NJkrYFN4tEwyQE3x,"32 de Agosto","32 de Agosto","mafalda cardenal",2021-10-28,182068,0,false,31rtpyuaddhriw67bslugt3j7zby,2024-11-11T20:06:59Z,"","Zartist Music, S.L.",0.626,0.547,10,-7.081,1,0.111,0.681,0.0000012,0.0814,0.598,87.036,4
spotify:track:7FchRTXToLUsUNqpievmfw,"te lo deletreo?","te lo deletreo?","mafalda cardenal",2023-01-17,138976,0,false,31rtpyuaddhriw67bslugt3j7zby,2024-11-11T20:06:59Z,"","Zartist Music",0.34,0.346,0,-9.859,1,0.088,0.205,0,0.29,0.192,203.768,3
spotify:track:7ue9VV46MW53M6uslquW76,"barbie y ken","barbie y ken","mafalda cardenal",2022-06-16,157846,0,false,31rtpyuaddhriw67bslugt3j7zby,2024-11-11T20:06:59Z,"","Zartist Music",0.781,0.456,2,-10.214,1,0.0403,0.368,0,0.0882,0.655,130.053,4
spotify:track:3yyCidONgT7IIOXfztZyrS,"Vuelve - Remix","Vuelve (Remix)","mafalda cardenal;Air Magno",2023-07-28,217500,0,false,31rtpyuaddhriw67bslugt3j7zby,2024-11-11T20:06:59Z,"","Zartist Music",0.726,0.623,4,-8.968,1,0.0382,0.552,0,0.0881,0.856,128.019,4
spotify:track:64AuJcHQWs6wHZy04fXcJU,"Que tu quieres de mi?","Que tu quieres de mi?","Facundo Majdalani;mafalda cardenal",2022-10-21,162793,32,false,31rtpyuaddhriw67bslugt3j7zby,2024-11-11T20:06:59Z,"techengue","Facundo Majdalani",0.629,0.531,7,-10.751,1,0.0831,0.575,0.0000115,0.147,0.205,125.818,4
spotify:track:3tSckKDyzRpmgCAR11mVZ8,"para mis padres","para mis padres","mafalda cardenal",2022-04-21,253798,0,false,31rtpyuaddhriw67bslugt3j7zby,2024-11-11T20:06:59Z,"","Zartist Music",0.677,0.288,9,-9.619,1,0.0349,0.975,0.00297,0.11,0.608,128.017,4
spotify:track:29njdge5nf11MA5Y7hwF5l,"hannah montana","Cheti no saca música a la moda","Cheti;mafalda cardenal",2023-05-26,152000,0,false,31rtpyuaddhriw67bslugt3j7zby,2024-11-11T20:06:59Z,"","Zartist Music",0.781,0.664,10,-4.573,1,0.0388,0.0893,0,0.0399,0.905,117.055,4
spotify:track:0u5cpS5oNYyQjp6rFmKVSz,"Tanto","Tanto","NANO Mz",2022-09-23,180633,0,false,31rtpyuaddhriw67bslugt3j7zby,2024-11-11T20:08:26Z,"","Nano",0.471,0.593,10,-5.941,1,0.0503,0.682,0,0.2,0.675,68.792,4
spotify:track:4GdbaLcmbUlbAe45qBI7yX,"Cóseme","Cóseme","Fase",2021-12-15,189230,19,false,31rtpyuaddhriw67bslugt3j7zby,2024-11-11T20:08:57Z,"","Eler Music",0.589,0.377,8,-8.526,1,0.0532,0.676,0,0.177,0.79,77.799,4
spotify:track:3m46q9YVB9xo2RGtA7k6Or,"El Tema Que Nunca Iba a Salir","El Tema Que Nunca Iba a Salir","Alain",2023-08-18,133618,0,false,31rtpyuaddhriw67bslugt3j7zby,2024-11-11T20:10:30Z,"","Alain019",0.625,0.46,7,-12.656,0,0.041,0.122,0,0.252,0.555,100.062,4
spotify:track:05iuRFSYGcntYLYn4mWNGn,"No estabas","No estabas","Pole.",2022-01-13,211708,27,false,31rtpyuaddhriw67bslugt3j7zby,2024-11-11T20:10:55Z,"","Sony Music Entertainment",0.494,0.529,7,-7.632,0,0.0538,0.827,0,0.0759,0.117,150.26,4
spotify:track:4cHNbGsVz6pl9xaQ3Ao9QQ,"Desastre","Desastre","Fase",2022-12-16,153214,15,false,31rtpyuaddhriw67bslugt3j7zby,2024-11-11T20:11:23Z,"","Eler Music",0.565,0.28,11,-10.495,1,0.0499,0.879,0,0.0957,0.545,142.201,4
spotify:track:0U5ccxswFKAEIXofNHFcQi,"Vuelve","Prisma","Beret",2019-10-25,153049,58,false,31rtpyuaddhriw67bslugt3j7zby,2024-11-11T20:12:47Z,"","WM Spain",0.706,0.478,11,-6.962,1,0.154,0.609,0,0.115,0.33,78.528,4
spotify:track:3csFlLkwMmsT2eG4xMHP6d,"Me Soltaste","CoverKM Recopilatorio","Karen Méndez;Fase",2019-06-14,263378,39,false,31rtpyuaddhriw67bslugt3j7zby,2024-11-11T20:13:05Z,"bachata","karenmendezKM",0.57,0.419,10,-5.965,0,0.0491,0.822,0,0.275,0.487,112.663,4
spotify:track:0qMqcEJKZin3pShYQNzRqS,"Todo irá bien","L4U","Fase",2020-08-14,108433,26,false,31rtpyuaddhriw67bslugt3j7zby,2024-11-11T20:13:05Z,"","Eler Music",0.69,0.485,9,-6.157,1,0.0665,0.762,0,0.0932,0.832,83.157,4
spotify:track:5C5fzPTWiYHUkgzkBOQ12L,"La Otra Parte","La Otra Parte","Fase;Karen Méndez",2021-06-18,193432,30,false,31rtpyuaddhriw67bslugt3j7zby,2024-11-11T20:13:05Z,"bachata","Eler Music",0.619,0.305,0,-6.805,1,0.0466,0.857,0,0.225,0.909,133.988,4
spotify:track:6SHUD4DtISe1fhFAQZq44G,"Por Qué Te Vas","Por Qué Te Vas","Lou Cornago;Fase",2019-04-14,160178,27,false,31rtpyuaddhriw67bslugt3j7zby,2024-11-11T20:13:05Z,"","Eler Music",0.583,0.43,11,-6.85,0,0.0615,0.758,0,0.115,0.498,167.982,4
spotify:track:5IsE2AYUkBv5yfbupbs9WH,"Eres Tú","Eres Tú","Cris Moné;Fase",2019-04-14,220074,31,false,31rtpyuaddhriw67bslugt3j7zby,2024-11-11T20:13:05Z,"","Eler Music",0.562,0.535,9,-6.137,1,0.0258,0.677,0.000505,0.284,0.254,134.182,4
spotify:track:7qXpn9MV3tBoEWI7kr13rQ,"La Parte Buena","La Parte Buena","Karen Méndez;Fase",2021-06-11,223634,29,false,31rtpyuaddhriw67bslugt3j7zby,2024-11-11T20:13:05Z,"bachata","Danmark Records",0.728,0.345,10,-5.91,1,0.0478,0.808,0,0.0918,0.596,131.894,4
spotify:track:6RmV2M3zBZUIBrKTZjQQyx,"Hogar","Cuando estamos juntos","Fase",2022-10-28,133611,17,false,31rtpyuaddhriw67bslugt3j7zby,2024-11-11T20:13:05Z,"","Eler Music",0.542,0.446,0,-8.382,1,0.0718,0.536,0,0.102,0.738,144.173,4
spotify:track:499OXceMPSnC1B67We7yYz,"Juguete roto","Entre el amor y el dolor","Fase",2024-07-31,160269,13,false,31rtpyuaddhriw67bslugt3j7zby,2024-11-11T20:13:05Z,"","Eler Music",0.709,0.349,0,-8.038,1,0.0388,0.802,0,0.0973,0.619,129.742,4
spotify:track:3FzWAdoerSrfksRkI1KCaX,"Te miro a ti","Cuando estamos juntos","Fase",2022-10-28,183428,17,false,31rtpyuaddhriw67bslugt3j7zby,2024-11-11T20:13:05Z,"","Eler Music",0.526,0.328,4,-8.505,1,0.0474,0.881,0,0.102,0.693,138.681,4
spotify:track:1Pj5EXPyEZnN6Erg1mEhr6,"Contigo","Contigo","Fase",2017-10-30,158048,25,false,31rtpyuaddhriw67bslugt3j7zby,2024-11-11T20:13:05Z,"","Heuristic Music",0.68,0.691,8,-7.281,1,0.201,0.867,0,0.104,0.526,163.871,4
spotify:track:61JCrdEPQya3mJVK4DWTuB,"Una y otra vez - Acústico","En acústico","Lou Cornago;Fase",2024-09-27,190188,2,false,31rtpyuaddhriw67bslugt3j7zby,2024-11-11T20:13:05Z,"","Eler Music",0.741,0.212,0,-9.868,1,0.0391,0.903,0,0.0995,0.381,105.902,4
spotify:track:0wbnxWBExTFran48oaHg8h,"Por Si Acaso","Maktub","Rafa Espino;Diego el Jhane;Fase",2023-11-01,232405,17,false,31rtpyuaddhriw67bslugt3j7zby,2024-11-11T20:13:05Z,"","Be Eternal Music",0.619,0.784,11,-7.876,1,0.105,0.565,0,0.24,0.594,93.046,4
spotify:track:1ouQklo0ZJA0azoSfPFKC1,"Inevitable","Ataraxia (Últimos éxitos)","Rafa Espino;Fase",2017-12-22,210962,20,false,31rtpyuaddhriw67bslugt3j7zby,2024-11-11T20:13:05Z,"","Be Eternal Music",0.699,0.722,6,-6.191,1,0.0811,0.318,0,0.121,0.722,82.057,4
spotify:track:5us4fcT5ICIF42rI2h5ANW,"Ya es Tarde","La Mitad","Fase;Cris Moné;JPelirrojo",2018-08-03,185581,19,false,31rtpyuaddhriw67bslugt3j7zby,2024-11-11T20:13:05Z,"","Heuristic Music",0.771,0.719,9,-6.733,0,0.13,0.602,0,0.0889,0.423,86.009,4
spotify:track:2l3FZ4gHgj9S0eh9Fbcq2B,"Aunque tú no lo sepas","Aunque tú no lo sepas","Fase",2022-01-07,113270,15,false,31rtpyuaddhriw67bslugt3j7zby,2024-11-11T20:13:05Z,"","Eler Music",0.692,0.206,1,-11.834,1,0.0631,0.621,0,0.307,0.518,109.718,4
spotify:track:23mXosLywt5cY55DcG0vAx,"Shape of You - Acoustic","Covers Vol. 1","Lou Cornago;Fase",2018-01-06,231157,33,false,31rtpyuaddhriw67bslugt3j7zby,2024-11-11T20:13:05Z,"","Cornago Music",0.657,0.451,0,-6.172,0,0.0334,0.821,0,0.206,0.741,94.933,4
spotify:track:3dHmVJt9S3OEqaECBpDjb7,"Ocean","Ocean","Fase",2023-03-31,142955,8,false,31rtpyuaddhriw67bslugt3j7zby,2024-11-11T20:13:05Z,"","Eler Music",0.693,0.331,11,-10.705,1,0.0726,0.799,0,0.0898,0.724,72.905,4
spotify:track:3Tk5cha7Ke7prjEGPPVSVI,"Dime Quien Ama de Verdad","Dime Quien Ama de Verdad","Xandra Garsem;Fase",2016-12-07,180008,20,false,31rtpyuaddhriw67bslugt3j7zby,2024-11-11T20:13:05Z,"","Real Key Music",0.501,0.738,3,-5.478,1,0.0479,0.691,0,0.0944,0.363,112.059,5
spotify:track:1iuA8JfMPcWjDMY4ZGNM1d,"Mi suerte - Acústico","Mi suerte (Acústico)","Lou Cornago;Fase",2023-08-25,155799,8,false,31rtpyuaddhriw67bslugt3j7zby,2024-11-11T20:13:05Z,"","Eler Music",0.736,0.282,9,-8.506,0,0.0338,0.853,0,0.101,0.576,116.973,4
spotify:track:7qQQWKnd2VmxhjAVU7i0B9,"Mi destino favorito","Mi destino favorito","Fase",2020-12-04,187637,17,false,31rtpyuaddhriw67bslugt3j7zby,2024-11-11T20:13:05Z,"","Eler Music",0.514,0.646,9,-6.014,1,0.0431,0.304,0,0.104,0.708,154.002,4
spotify:track:6DOZzfNxKe04fpMzuOo6cw,"Entre el amor y el dolor","Entre el amor y el dolor","Fase",2024-07-31,157894,7,false,31rtpyuaddhriw67bslugt3j7zby,2024-11-11T20:13:05Z,"","Eler Music",0.682,0.506,0,-8.359,1,0.0318,0.69,0,0.0953,0.563,113.997,4
spotify:track:3sY015znpTPQ8RqF7YnlAl,"Nosotros","Nosotros","Fase",2021-05-14,145057,13,false,31rtpyuaddhriw67bslugt3j7zby,2024-11-11T20:13:05Z,"","Eler Music",0.657,0.546,0,-6.235,1,0.0529,0.386,0,0.899,0.799,139.897,4
spotify:track:2SX0I6UstFjkN1NAPSqHEU,"Amor","Eterno","Rafa Espino;Fase",2016-05-27,237333,15,false,31rtpyuaddhriw67bslugt3j7zby,2024-11-11T20:13:05Z,"","Be Eternal Music",0.582,0.806,10,-7.375,1,0.0954,0.492,0,0.14,0.801,89.974,4
spotify:track:4D7gM9SPiCNGc0nslr2v3c,"+ que amigos","+ que amigos","Cris Moné;Manu Cort;Fase;Nare",2023-07-07,181615,12,false,31rtpyuaddhriw67bslugt3j7zby,2024-11-11T20:13:05Z,"","Real Key Music",0.86,0.556,1,-7.768,1,0.0459,0.213,0,0.0996,0.865,130.03,4
spotify:track:6DEVZBLNYLlXljgDn9G65j,"Quédate esta noche conmigo","Entre el amor y el dolor","Fase",2024-07-31,100729,3,false,31rtpyuaddhriw67bslugt3j7zby,2024-11-11T20:13:05Z,"","Eler Music",0.662,0.39,9,-9.667,1,0.0498,0.593,0,0.114,0.849,124.061,4
spotify:track:3gq1XdvnaXfs08zx51KDHS,"Universo","Universo","Fase",2023-03-03,145528,8,false,31rtpyuaddhriw67bslugt3j7zby,2024-11-11T20:13:05Z,"","Eler Music",0.383,0.306,1,-10.337,1,0.0479,0.78,0,0.155,0.751,52.091,3
spotify:track:45QEJ5mjAht7hZ6Vv86RfY,"La Mitad","La Mitad","Fase;Cris Moné;JPelirrojo",2018-08-03,194513,15,false,31rtpyuaddhriw67bslugt3j7zby,2024-11-11T20:13:05Z,"","Heuristic Music",0.613,0.857,2,-5.722,1,0.102,0.128,0,0.148,0.349,174.019,4
spotify:track:3Ve1Mo8PTKpfPVuWIAal0n,"Pequeña mía","Pequeña mía","Cris Moné;Amato;Fase",2024-01-22,150078,8,false,31rtpyuaddhriw67bslugt3j7zby,2024-11-11T20:13:05Z,"","Real Key Music",0.508,0.375,10,-9.993,0,0.062,0.359,0,0.115,0.215,143.992,4
spotify:track:7tzG6QyXHSMngxfvIBdxAi,"Pienso en ti","Entre el amor y el dolor","Fase",2024-07-31,156000,3,false,31rtpyuaddhriw67bslugt3j7zby,2024-11-11T20:13:05Z,"","Eler Music",0.687,0.715,11,-7.042,0,0.033,0.263,0.00000281,0.277,0.684,130.1,4
spotify:track:4ztvaCqtzMzlLQ5U27BXZT,"Atocha","Cuando estamos juntos","Fase;Chicaparacaídas",2022-10-28,180000,12,false,31rtpyuaddhriw67bslugt3j7zby,2024-11-11T20:13:05Z,"","Eler Music",0.658,0.529,8,-6.641,1,0.0474,0.679,0,0.12,0.695,142.241,4
spotify:track:0IgLITogde8SQCdjqZuFvh,"3 Tragos","3 Tragos","Cris Moné;Fase",2021-03-26,198254,15,false,31rtpyuaddhriw67bslugt3j7zby,2024-11-11T20:13:05Z,"","Eler Music",0.817,0.551,9,-5.147,0,0.0563,0.446,0,0.0972,0.331,106.037,4
spotify:track:3VY9nUlUHne1DUh8HM5wtD,"Ya no es lo mismo","Canciones para un atardecer","Fase",2023-12-15,82689,4,false,31rtpyuaddhriw67bslugt3j7zby,2024-11-11T20:13:05Z,"","Eler Music",0.792,0.486,2,-11.398,1,0.0771,0.864,0,0.111,0.826,119.026,4
spotify:track:2Gsk537iNbe6fbg9jP3IkH,"Despiértame","Despiértame","Lou Cornago;Fase;Gorkha",2020-07-17,207500,4,false,31rtpyuaddhriw67bslugt3j7zby,2024-11-11T20:13:05Z,"","Eler Music",0.632,0.797,11,-3.761,1,0.0416,0.275,0.00000168,0.1,0.694,192.09,4
spotify:track:5yckbIEs0a5h7q2Hi2T7xH,"Ella","L4U","Fase",2020-08-14,231000,10,false,31rtpyuaddhriw67bslugt3j7zby,2024-11-11T20:13:05Z,"","Eler Music",0.59,0.853,0,-3.944,1,0.129,0.14,0,0.1,0.464,120.03,4
spotify:track:4vzEgRD8e1204ewR5QIYE5,"Solo para ti","Solo para ti","Fase;Lou Cornago",2022-07-01,208129,4,false,31rtpyuaddhriw67bslugt3j7zby,2024-11-11T20:13:05Z,"","Eler Music",0.768,0.595,2,-6.805,1,0.0931,0.356,0,0.0987,0.704,75.021,4
spotify:track:7xAmQfX8wY81qvPJsTqDWn,"Sabes","Aunque Duela","Cris Moné;Fase",2018-12-28,218571,9,false,31rtpyuaddhriw67bslugt3j7zby,2024-11-11T20:13:05Z,"","Limerence Music",0.608,0.579,9,-5.364,1,0.0266,0.762,0,0.0853,0.394,140.017,4
spotify:track:7AfTDenmsw3abYDF8VYTiG,"Si Vuelves","La Mitad","Fase;Cris Moné;JPelirrojo",2018-08-03,255616,14,false,31rtpyuaddhriw67bslugt3j7zby,2024-11-11T20:13:05Z,"","Heuristic Music",0.609,0.302,4,-9.7,1,0.102,0.93,0,0.278,0.452,72.579,4
spotify:track:1LOrpWGnXQH2pizr2c2qPT,"No me iré","No me iré","Fase",2023-09-15,132903,9,false,31rtpyuaddhriw67bslugt3j7zby,2024-11-11T20:13:05Z,"","Eler Music",0.691,0.482,1,-9.573,1,0.0358,0.125,0,0.0496,0.902,92.983,4
spotify:track:3Vaz0SvjOx8aTle9rZCpVC,"Me miras así","L4U","Fase",2020-08-14,187849,15,false,31rtpyuaddhriw67bslugt3j7zby,2024-11-11T20:13:05Z,"","Eler Music",0.718,0.862,8,-4.894,1,0.0505,0.635,0,0.0832,0.656,91.907,4
spotify:track:4x7X24rvp6YfSOm8zOBf3o,"Nunca es suficiente","Cuando estamos juntos","Fase;Uxue",2022-10-28,194788,4,false,31rtpyuaddhriw67bslugt3j7zby,2024-11-11T20:13:05Z,"","Eler Music",0.699,0.553,0,-8.779,1,0.0317,0.274,0,0.168,0.675,141.966,4
spotify:track:2WP8uJs8PXOSlAXBezBBKp,"Infierno de papel","Singles 2016","Fase",2017-01-14,143750,9,false,31rtpyuaddhriw67bslugt3j7zby,2024-11-11T20:13:05Z,"","Heuristic Music",0.526,0.639,1,-8.028,0,0.0642,0.747,0.00000192,0.315,0.533,84.168,4
spotify:track:4y8dPQmCCb8rDIosLUj8cX,"Amore mio","Canciones para un atardecer","Fase",2023-12-15,181250,4,false,31rtpyuaddhriw67bslugt3j7zby,2024-11-11T20:13:05Z,"","Eler Music",0.591,0.378,9,-8.55,0,0.0294,0.204,0,0.145,0.614,83.904,3
spotify:track:0T5rEe5lS6p9WDDg2BL1N0,"Te quiero","L4U","Fase",2020-08-14,177025,11,false,31rtpyuaddhriw67bslugt3j7zby,2024-11-11T20:13:05Z,"","Eler Music",0.779,0.523,1,-5.56,0,0.0659,0.642,0,0.0959,0.794,78.917,4
spotify:track:35yP2UX13VdNu5Vw32OSXB,"10 Minutos Más","10 Minutos Más","Fase",2020-11-06,207269,12,false,31rtpyuaddhriw67bslugt3j7zby,2024-11-11T20:13:05Z,"","Eler Music",0.436,0.662,10,-4.497,1,0.0305,0.00259,0,0.0817,0.852,151.92,4
spotify:track:2ej0Z0kYIY8pUTkHYtViSv,"Dímelo","Singles 2014","Fase",2015-01-01,202676,13,false,31rtpyuaddhriw67bslugt3j7zby,2024-11-11T20:13:05Z,"","Heuristic Music",0.633,0.566,9,-8.292,1,0.0631,0.62,0,0.297,0.584,80.005,4
spotify:track:6M4DRrGCwTgzKHyRObRzQ2,"Buenas noches princesa","Buenas noches princesa","Fase",2010-05-01,124036,16,false,31rtpyuaddhriw67bslugt3j7zby,2024-11-11T20:13:05Z,"","HEURISTIC MUSIC",0.518,0.763,9,-7.084,1,0.0931,0.517,0,0.333,0.352,84.027,4
spotify:track:4pobZqBTCJ5YV6Bl2GzDQY,"BNU","L4U","Fase",2020-08-14,113000,2,false,31rtpyuaddhriw67bslugt3j7zby,2024-11-11T20:13:05Z,"","Eler Music",0.671,0.0166,3,-22.154,1,0.112,0.992,0.933,0.102,0.453,119.953,4
spotify:track:1yUuYXs69IF5Kn0aM3Dryl,"Te Vas","Te Vas","Rsel",2024-03-01,160764,0,false,31rtpyuaddhriw67bslugt3j7zby,2024-11-11T20:13:57Z,"","Rsel",0.799,0.407,7,-10.272,1,0.0373,0.76,0.00786,0.125,0.58,109.934,4
spotify:track:0CaAkdZcfgo0KRyPoU2vc7,"no estabas cerca","no estabas cerca","Alba Mbengue",2020-04-10,70465,31,false,31rtpyuaddhriw67bslugt3j7zby,2024-11-11T20:14:16Z,"","WM Spain",0.6,0.308,8,-11.442,1,0.444,0.934,0.0000333,0.106,0.734,172.548,4
spotify:track:3T9Up9TUufBNss7Q0HxFum,"Colateral","Colateral","Lemot",2023-11-24,151356,45,false,31rtpyuaddhriw67bslugt3j7zby,2024-11-18T20:00:33Z,"","BMG Rights Management and Administration (Spain) S.L.U",0.56,0.746,6,-4.907,1,0.0353,0.00283,0,0.356,0.707,105.105,4
spotify:track:4S63G0FuWH85wYvmiBuOay,"Sutura","Sutura","Babi",2025-01-20,222892,47,false,31dq4luwyyayzo77iyrpccbntziu,2025-01-21T12:43:12Z,"","Babi",0.57,0.568,10,-9.923,1,0.287,0.642,0.00236,0.36,0.475,91.027,3
spotify:track:6K8CM89ef8FN8NIOMmINue,"Natural","Natural","Subze",2025-01-31,269647,10,false,31dq4luwyyayzo77iyrpccbntziu,2025-02-10T15:33:26Z,"","Miguel Subze",0.672,0.57,2,-10.041,1,0.44,0.235,0,0.147,0.221,85.128,4
spotify:track:75124tog9eyjmvxew2LwvF,"Esperando el Meteorito - Cicatrices # 8","Esperando el Meteorito - Cicatrices # 8","Locus;Lluna",2022-11-17,198569,32,false,31dq4luwyyayzo77iyrpccbntziu,2025-02-11T16:07:24Z,"","LOCUS",0.561,0.8,0,-4.384,1,0.187,0.467,0,0.0871,0.46,120.124,5
spotify:track:25bn53mnMK9q1zPK8LgO4w,"Mi Mejor Versión","Maktub","Rafa Espino;Lluna",2023-11-01,166279,25,false,31dq4luwyyayzo77iyrpccbntziu,2025-02-11T16:07:24Z,"","Be Eternal Music",0.641,0.655,7,-9.234,1,0.237,0.0856,0.00000126,0.0868,0.76,176.076,4
spotify:track:0KTP8GWIao5RGBBu6DyVe9,"Último Verano","Último Verano","Lemot;Noan",2024-04-12,169877,40,false,31dq4luwyyayzo77iyrpccbntziu,2025-02-16T12:04:51Z,"","BMG Rights Management and Administration (Spain) S.L.U",0.617,0.682,7,-6.724,1,0.033,0.0422,0,0.0986,0.928,143.971,4
spotify:track:6hdEvBSGqMsoHGk9PZXahB,"Buscando Mitades","Pensando en Alto","Lemot",2024-11-08,152548,38,false,31dq4luwyyayzo77iyrpccbntziu,2025-02-16T19:58:51Z,"","BMG Rights Management and Administration (Spain) S.L.U",0.48,0.556,2,-7.941,1,0.113,0.216,0,0.122,0.618,99.982,4
spotify:track:2JIwRrmCSPwr0dutKHhM1Z,"Vespa Verde Agua","Vespa Verde Agua","Lemot",2024-09-20,166134,26,false,31dq4luwyyayzo77iyrpccbntziu,2025-02-16T19:58:51Z,"","BMG Rights Management and Administration (Spain) S.L.U",0.663,0.737,11,-5.909,0,0.0428,0.0644,0.0000258,0.0973,0.851,139.973,4
spotify:track:66WYSuGOCpSIyee1HoHyb8,"A Ras de Cielo","A Ras de Cielo","Lemot",2023-10-20,167111,44,false,31dq4luwyyayzo77iyrpccbntziu,2025-02-16T19:58:51Z,"","BMG Rights Management and Administration (Spain) S.L.U",0.608,0.837,11,-4.727,1,0.0668,0.00576,0,0.397,0.789,129.96,4
spotify:track:1smWhsJo2kHCgloPqyCtMP,"Pensando en Alto","Pensando en Alto","Lemot",2024-06-07,165517,35,false,31dq4luwyyayzo77iyrpccbntziu,2025-02-16T19:58:51Z,"","BMG Rights Management and Administration (Spain) S.L.U",0.401,0.497,0,-6.85,1,0.062,0.0341,0,0.268,0.623,144.856,4
spotify:track:6PNqEMNR40qCmeyL4nqzyF,"Mi Madre Me Lo Dijo","Mi Madre Me Lo Dijo","Lemot",2023-04-14,155328,29,false,31dq4luwyyayzo77iyrpccbntziu,2025-02-16T19:58:51Z,"","BMG Rights Management and Administration (Spain) S.L.U",0.551,0.76,10,-4.004,1,0.0521,0.000268,0,0.233,0.809,155.123,4
spotify:track:3uChqw2x6AafWsyU5vCVga,"No Me Lo Creo Ni Yo","No Me Lo Creo Ni Yo","Lemot;Marmi",2023-01-20,170535,26,false,31dq4luwyyayzo77iyrpccbntziu,2025-02-16T19:58:51Z,"","BMG Rights Management and Administration (Spain) S.L.U",0.61,0.775,11,-3.907,1,0.0413,0.000101,0,0.0682,0.71,137.077,4
spotify:track:05EA167vJ8hfIuc1CDpddo,"Estaba Claro","Estaba Claro","Lemot;Maldita Nerea",2024-02-23,207351,28,false,31dq4luwyyayzo77iyrpccbntziu,2025-02-16T19:58:51Z,"","BMG Rights Management and Administration (Spain) S.L.U",0.667,0.757,11,-6.416,1,0.036,0.0508,0,0.126,0.396,139.939,4
spotify:track:1e1TeF5Xls8iqfobEjAjMQ,"Lo Que No Pude Besarte","ABRIMOS FUEGO","Lemot",2022-05-27,214558,17,false,31dq4luwyyayzo77iyrpccbntziu,2025-02-16T19:58:51Z,"","BMG Rights Management and Administration (Spain) S.L.U",0.556,0.702,3,-9.949,1,0.0428,0.0392,0,0.0901,0.443,104.982,4
spotify:track:3s7m5GgPH66FcSayJ4Wxt0,"F1","Pensando en Alto","Lemot",2024-11-08,147537,15,false,31dq4luwyyayzo77iyrpccbntziu,2025-02-16T19:58:51Z,"","BMG Rights Management and Administration (Spain) S.L.U",0.566,0.738,5,-4.313,1,0.0428,0.00391,0,0.214,0.826,154.854,4
spotify:track:4JRTfhfPiwaI9KAllO5CnM,"Abrimo Fuego (En Acústico)","Abrimos Fuego (En Acústico)","Lemot",2022-07-29,172034,10,false,31dq4luwyyayzo77iyrpccbntziu,2025-02-16T19:58:51Z,"","BMG Rights Management and Administration (Spain) S.L.U",0.679,0.254,9,-8.999,1,0.0333,0.847,0,0.0849,0.449,119.971,4
spotify:track:3uUM2uCOrXuSBBQ9l9khem,"Esto No Va De Ser Fuertes","Esto No Va De Ser Fuertes","Lemot",2022-10-21,197427,11,false,31dq4luwyyayzo77iyrpccbntziu,2025-02-16T19:58:51Z,"","BMG Rights Management and Administration (Spain) S.L.U",0.575,0.756,1,-3.74,1,0.0334,0.0002,0,0.0662,0.817,119.973,4
spotify:track:6Zi8I4VrqhUKe7n6tNZZRA,"Reírnos del Miedo","ABRIMOS FUEGO","Lemot",2022-05-27,232824,16,false,31dq4luwyyayzo77iyrpccbntziu,2025-02-16T19:58:51Z,"","BMG Rights Management and Administration (Spain) S.L.U",0.595,0.681,4,-9.745,1,0.0481,0.000329,0,0.0967,0.553,122.039,4
spotify:track:077NS0UV1Py8ejaJHCNZIN,"Vida (En Acústico)","Vida (En Acústico)","Lemot",2020-01-10,200418,8,false,31dq4luwyyayzo77iyrpccbntziu,2025-02-16T19:58:51Z,"","BMG Rights Management and Administration (Spain) S.L.U",0.861,0.451,0,-5.074,1,0.084,0.581,0,0.128,0.792,96.988,4
spotify:track:0xocymLfY45plZBlnlilcc,"Nuestro Error","ABRIMOS FUEGO","Lemot",2022-05-27,191595,13,false,31dq4luwyyayzo77iyrpccbntziu,2025-02-16T19:58:51Z,"","BMG Rights Management and Administration (Spain) S.L.U",0.419,0.503,6,-10.203,1,0.0321,0.00808,0,0.142,0.409,154.076,4
spotify:track:7uLYjFElv0gLfQEFEEHlBu,"Grita","ABRIMOS FUEGO","Lemot",2022-05-27,184980,10,false,31dq4luwyyayzo77iyrpccbntziu,2025-02-16T19:58:51Z,"","BMG Rights Management and Administration (Spain) S.L.U",0.583,0.89,3,-8.253,1,0.0413,0.000498,0,0.102,0.673,149.951,4
spotify:track:75RJs5XlAjmQglzQeiokmC,"Una Noche Cualquiera","ABRIMOS FUEGO","Lemot",2022-05-27,149090,10,false,31dq4luwyyayzo77iyrpccbntziu,2025-02-16T19:58:51Z,"","BMG Rights Management and Administration (Spain) S.L.U",0.695,0.48,7,-10.336,1,0.0465,0.0485,0,0.145,0.623,131.961,4
spotify:track:2dYOKHUDtgHVKIo84KZqM1,"Estamos Vivos","ABRIMOS FUEGO","Lemot",2022-05-27,201250,9,false,31dq4luwyyayzo77iyrpccbntziu,2025-02-16T19:58:51Z,"","BMG Rights Management and Administration (Spain) S.L.U",0.565,0.566,8,-8.382,1,0.0339,0.0376,0,0.0754,0.329,129.946,4
spotify:track:0sCEBHxuFcDoUsKZOS70nN,"Carta a Mi Depresión","Casi Nada","Subze",2023-07-14,378883,28,false,31dq4luwyyayzo77iyrpccbntziu,2025-03-05T18:25:08Z,"","Insert Coin Records",0.582,0.664,0,-9.713,0,0.748,0.72,0,0.105,0.353,97.114,4
spotify:track:2hTA4BMzufMczgVEhau2ZQ,"NO QUEDA NA","NO QUEDA NA","LI4M;Rorro",2025-02-28,142285,12,true,31dq4luwyyayzo77iyrpccbntziu,2025-03-09T19:11:07Z,"","LA SANTA",0.74,0.726,10,-4.949,0,0.119,0.19,0.000111,0.265,0.602,132.03,4
spotify:track:38ydHYk2vT3UNNxG5GbhJs,"Ya sé","Ya sé","Rorro",2025-03-27,186666,12,false,31dq4luwyyayzo77iyrpccbntziu,2025-04-05T16:18:44Z,"","Rorro.",0.557,0.48,0,-9.987,1,0.0355,0.621,0.00102,0.166,0.372,125.91,4
spotify:track:5hOp5ZsIgVk2bumSZvIyal,"Se apiaden de mi","Se apiaden de mi","Zarcort",2025-02-07,150444,18,false,31dq4luwyyayzo77iyrpccbntziu,2025-04-05T16:19:33Z,"rap de anime","ZARCORT",0.622,0.315,0,-13.275,0,0.0408,0.789,0.0000578,0.111,0.388,81.019,4
spotify:track:77WggxDcuDLYkkeA8T5Y50,"El Baúl de los Recuerdos","El Baúl de los Recuerdos","Dante",2025-04-24,170666,30,true,315xwwjruou5735a6tm2ijxcblyi,2025-04-24T17:24:07Z,"","Dante",0.771,0.67,8,-6.984,0,0.214,0.281,0,0.107,0.372,89.94,4
spotify:track:6IornTNsanbB83d53LMbgR,"Clean","Clean","Babi;Oktoba",2025-02-24,183529,45,false,31dq4luwyyayzo77iyrpccbntziu,2025-04-29T10:18:05Z,"","Babi",0.599,0.393,8,-6.818,0,0.285,0.817,0.000644,0.116,0.448,84.152,4
spotify:track:1oPosFffbz3w87Rl6rHzjt,"Tu Luz","Tu Luz","SAZZA",2025-02-21,122581,25,false,31dq4luwyyayzo77iyrpccbntziu,2025-04-29T10:22:17Z,"","Peripecia",0.605,0.695,11,-6.602,1,0.0432,0.475,0,0.0625,0.279,131.984,4
spotify:track:2uBtbQ7rCWzsjWaiT9hfjK,"No te vayas del todo (Nené)","Contradicción","Cepeda;SAZZA",2024-10-11,143018,25,false,31dq4luwyyayzo77iyrpccbntziu,2025-04-29T10:22:33Z,"","Cepeda",0.717,0.746,2,-5.24,1,0.0484,0.653,0.000013,0.162,0.542,143.909,4
spotify:track:7A1SmdLZvjOkmRcxiNCB28,"Paz para quién?","Paz para quién?","Piter-G",2025-04-03,160923,21,false,31dq4luwyyayzo77iyrpccbntziu,2025-04-29T10:26:16Z,"","Piter-G",0.692,0.713,6,-7.011,1,0.372,0.551,0,0.0996,0.759,91.957,4
spotify:track:0mrsZoloI4Puiz0SNpnNIS,"Fantasmas","Fantasmas","Asier Martí;Lluna",2024-08-30,174400,12,false,31dq4luwyyayzo77iyrpccbntziu,2025-04-29T10:27:48Z,"","Reclutados",0.496,0.696,2,-6.947,1,0.0593,0.224,0,0.0818,0.545,149.72,4
spotify:track:7GmJREWw4Vab0YmB7bjYBw,"Escrito en Lisboa","Escrito en Lisboa","Lu Decker",2024-12-13,174673,41,false,31dq4luwyyayzo77iyrpccbntziu,2025-04-29T11:33:35Z,"","WM Spain",0.624,0.462,5,-6.809,1,0.0405,0.31,0,0.191,0.303,139.327,4
spotify:track:27yeehZGo5QR5Y6hpUW7R5,"De otro color","De otro color","Lu Decker",2024-07-19,183167,30,false,31dq4luwyyayzo77iyrpccbntziu,2025-04-29T11:33:44Z,"","WM Spain",0.496,0.574,7,-5.708,1,0.0368,0.0513,0,0.247,0.475,81.721,4
spotify:track:35MJEB6N8dF0KzRp7Ov5JO,"Fran","Fran","Beret",2025-02-07,135020,39,false,31dq4luwyyayzo77iyrpccbntziu,2025-04-29T11:36:05Z,"","WM Spain",0.592,0.662,3,-7.335,1,0.558,0.44,0,0.109,0.12,173.902,4
spotify:track:2E5hji9Ajk2mNQCyJQuvYn,"Copiloto","Copiloto","Taïn",2025-03-14,206549,8,false,31dq4luwyyayzo77iyrpccbntziu,2025-04-29T11:42:26Z,"","Esmerarte",0.616,0.81,4,-3.586,1,0.0344,0.00833,0,0.115,0.554,127.046,4
spotify:track:6MN99WqYaUmIi32NpiuavN,"La voy a joder","Amor Subterráneo, Vol. 2","Taïn",2025-02-07,199764,12,true,31dq4luwyyayzo77iyrpccbntziu,2025-04-29T11:42:44Z,"","Esmerarte",0.34,0.904,5,-4.522,1,0.142,0.0652,0,0.0806,0.659,183.059,4
spotify:track:3k1wlTtRcUVJ60KsO8lF9V,"Mi Musa","Principios","Cepeda",2018-06-29,202426,24,false,31dq4luwyyayzo77iyrpccbntziu,2025-04-30T19:05:56Z,"","Universal Music Spain S.L.",0.544,0.482,1,-6.638,1,0.0359,0.749,0,0.0885,0.201,101.797,4
spotify:track:0GybWpq4j9FBlITMccTj78,"Aliento de cristal","Aliento de cristal","Cyclo;Zarcort",2025-05-02,168000,34,false,31dq4luwyyayzo77iyrpccbntziu,2025-05-03T14:04:29Z,"rap de anime","Cyclo Music",0.714,0.588,1,-8.982,0,0.051,0.338,0.00000402,0.443,0.166,125.96,4
spotify:track:4B2cOrRZkuoXJwxJuwbcUf,"A Deshoras - Live Session","No Certificada (Live Session)","Poncelam",2025-04-25,164498,8,false,31dq4luwyyayzo77iyrpccbntziu,2025-05-03T14:10:08Z,"","Propaganda pel Fet!",0.75,0.74,2,-3.538,0,0.0416,0.403,0,0.259,0.338,112.05,4
spotify:track:3kLCxQT0qJh3MuMq4VvHgE,"La Soledad del Artista","La Soledad del Artista","Subze;Lytos",2025-05-08,332000,26,true,315xwwjruou5735a6tm2ijxcblyi,2025-05-11T09:21:15Z,"","Miguel Subze",0.609,0.68,1,-6.186,1,0.336,0.0622,0,0.0946,0.245,84.816,4
spotify:track:058GdhHhZRvEKC9HyhJKNC,"6000 Millas","6000 Millas","ANA",2021-07-23,124524,25,false,31dq4luwyyayzo77iyrpccbntziu,2025-05-31T15:53:45Z,"","Leful",0.687,0.38,1,-12.805,0,0.0547,0.953,0.00000557,0.0914,0.858,110.031,4
spotify:track:7xos4aG6wgAIPAtVLeSznN,"Always Blue","Always Blue","Lucky Dog;Jon Klaasen",2024-05-03,136421,0,false,31dq4luwyyayzo77iyrpccbntziu,2025-06-18T23:07:57Z,"","Lucky Dog Music",0.706,0.74,4,-4.661,0,0.048,0.657,0,0.304,0.636,95.06,4
spotify:track:3XHCVulslZWBFVrEgipbky,"Casi todo el tiempo","Casi todo el tiempo","Yarea",2025-06-06,158070,14,false,315xwwjruou5735a6tm2ijxcblyi,2025-07-15T11:48:56Z,"","Acqustic",0.619,0.757,0,-6.706,1,0.0364,0.251,0,0.0859,0.648,125.022,1
spotify:track:59zRZ7eFYSXVjzu4W6fx86,"La Niña [2000]","La Niña [2000]","MERINO",2024-09-04,199451,0,false,315xwwjruou5735a6tm2ijxcblyi,2025-07-19T10:21:04Z,"","Altafonte Music under exclusive license from Hook Ediciones Musicales",0.569,0.696,10,-6.554,1,0.0633,0.217,0.0000571,0.648,0.28,104.267,4
spotify:track:4OA5fbBB4oKQd9aY1djWjh,"Ya no duele","Ya no duele","Dase Karim;Beltran",2018-03-12,240693,4,false,31dq4luwyyayzo77iyrpccbntziu,2026-02-28T14:37:02Z,"","Dase Kid",0.768,0.648,8,-7.598,0,0.266,0.289,0,0.104,0.31,111.024,4
spotify:track:4z6MVmtKKCf0Zl8x1EHoMO,"Borrate Los Sims","Borrate Los Sims","SDFanstack",2026-02-22,259880,0,false,31dq4luwyyayzo77iyrpccbntziu,2026-03-20T14:32:51Z,"","SDFanstack",0.689,0.579,0,-11.606,1,0.0548,0.0123,0,0.123,0.699,117.971,4
spotify:track:74u7hf96T8sOWsWZsjOMRI,"Dejadme en paz","Dejadme en paz","Owner DRT;PROD BY SWEET",2026-03-27,165631,31,false,31dq4luwyyayzo77iyrpccbntziu,2026-04-28T21:53:23Z,"","Owner DRT",0.47,0.942,8,-4.946,1,0.094,0.0483,0,0.108,0.744,90.537,4
spotify:track:5blmlkPhCeQZoO6O6mHEjO,"Imaginate","Imaginate","Santos 912;Franckvit;Ceaxe",2021-11-26,186480,43,false,31dq4luwyyayzo77iyrpccbntziu,2026-05-18T17:16:23Z,"","SpinHype",0.714,0.634,10,-9.026,1,0.16,0.773,0,0.0885,0.344,124.258,4
spotify:track:2kUJqrXmuDnQvZkt1eBaEO,"Más que amigos","Más que amigos","Brock Ansiolitiko",2019-05-31,243403,40,false,31dq4luwyyayzo77iyrpccbntziu,2026-07-11T13:32:40Z,"","La Cupula Music",0.599,0.46,10,-15.674,1,0.224,0.637,0.0645,0.114,0.0363,104.736,4
spotify:track:71u9eMWmC4FlXpWsVwDGyg,"supongo que pasará","supongo que pasará","cler",2023-03-01,169080,8,false,31dq4luwyyayzo77iyrpccbntziu,2026-07-11T13:32:48Z,"","Cler Music",0.642,0.336,0,-11.811,1,0.0435,0.523,0.000131,0.18,0.212,125.193,4
spotify:track:7bAUfE6LqgJEK9kGPsZaXN,"No voy a caer","No voy a caer","Carlos Maestro",2026-05-29,171974,43,false,31dq4luwyyayzo77iyrpccbntziu,2026-07-11T13:32:52Z,"","Phoenix Studios Barcelona",0.604,0.938,1,-2.942,0,0.103,0.000281,0,0.0697,0.729,157.023,4
spotify:track:1LOOXwYb1TxdRYLf7bE1af,"TENGO MIEDO","TENGO MIEDO","JMD.420;Forest Keed",2026-05-14,139842,47,true,31dq4luwyyayzo77iyrpccbntziu,2026-07-11T13:34:37Z,"","JMD.420",0.486,0.716,6,-7.425,1,0.296,0.209,0,0.0826,0.38,87.007,3
spotify:track:7l6r8RuVKIWo4quhQ6oVOe,"CUANDO EL RESTO TE FALTE","CUANDO EL RESTO TE FALTE","Ceaxe",2021-08-23,133120,36,false,31dq4luwyyayzo77iyrpccbntziu,2026-07-11T13:35:28Z,"","SpinHype",0.904,0.524,1,-9.479,0,0.203,0.786,0.000101,0.144,0.155,125.112,4
spotify:track:1DZtMYTLD26RcE1KRmwFke,"Otra noche","Otra noche","Owner DRT;PROD BY SWEET",2025-08-15,130429,33,false,31dq4luwyyayzo77iyrpccbntziu,2026-07-11T13:35:40Z,"","Owner DRT",0.543,0.907,1,-6.388,1,0.0823,0.0375,0,0.311,0.535,90.034,4
spotify:track:6yVjvVlfD4YRAEyYKW6ASH,"Corazón daltónico","Maravilloso error","Brock Ansiolitiko;AMBKOR",2017-03-27,220114,34,false,31dq4luwyyayzo77iyrpccbntziu,2026-07-24T19:53:48Z,"","La Cupula Music",0.665,0.692,5,-7.436,0,0.107,0.422,0,0.0919,0.0842,89.992,4
spotify:track:5M438OF15WsBdiejhluktH,"Espinita - Remix","Yo Contra Mí 10/20","MARASMO;Beret",2026-05-22,158444,51,false,31dq4luwyyayzo77iyrpccbntziu,2026-08-07T17:51:06Z,"","MARASMO",0.673,0.419,5,-6.982,1,0.0288,0.408,0,0.113,0.498,134.794,4
spotify:track:13GOFtgO585Y7Tzmsnlv9C,"Acuérdate","Acuérdate","ANA",2021-03-22,169613,27,false,31dq4luwyyayzo77iyrpccbntziu,2026-08-10T20:13:06Z,"","Leful",0.592,0.478,9,-11.914,1,0.061,0.768,0,0.151,0.83,107.262,4
spotify:track:4AQHurhfa19bk1iVsgwJKK,"Acuérdate (Pt 2.)","Acuérdate (Pt 2.)","ANA",2024-11-01,191888,3,false,31dq4luwyyayzo77iyrpccbntziu,2026-08-10T20:13:44Z,"","ANA",0.467,0.323,2,-17.063,1,0.0766,0.988,0.534,0.103,0.293,95.978,4
spotify:track:3GGOZkzkTOkkNamq9GziJn,"miedo","Dentro de un Recuerdo","ANA",2025-06-20,171734,4,false,31dq4luwyyayzo77iyrpccbntziu,2026-08-10T20:13:49Z,"","ANA",0.521,0.642,8,-10.185,1,0.111,0.915,0.000159,0.108,0.175,115.91,4
spotify:track:69HGqMefxMQoaZQ2bMC4AS,"alguna vez","Dentro de un Recuerdo","ANA",2025-06-20,158452,3,false,31dq4luwyyayzo77iyrpccbntziu,2026-08-10T20:13:56Z,"","ANA",0.605,0.425,5,-14.885,0,0.0616,0.953,0.108,0.125,0.851,102.853,4
spotify:track:6gVc9ODMVaPjEGjUDkoLzy,"efimero","Dentro de un Recuerdo","ANA",2025-06-20,167646,3,false,31dq4luwyyayzo77iyrpccbntziu,2026-08-10T20:14:01Z,"","ANA",0.49,0.506,7,-9.762,0,0.0682,0.85,0.000927,0.132,0.429,104.966,5
spotify:track:3QH4aE7NCUjy38NtgtVTjf,"besos al cielo","Dentro de un Recuerdo","ANA",2025-06-20,187710,2,false,31dq4luwyyayzo77iyrpccbntziu,2026-08-10T20:14:06Z,"","ANA",0.705,0.432,8,-11.833,1,0.0399,0.932,0.000709,0.118,0.686,113.038,4
spotify:track:2St1f2DPteauEWIvlJ6tQ8,"ya no crecen flores","Dentro de un Recuerdo","ANA",2025-06-20,123785,2,false,31dq4luwyyayzo77iyrpccbntziu,2026-08-10T20:14:25Z,"","ANA",0.583,0.276,1,-17.517,1,0.0778,0.97,0.812,0.0905,0.833,143.623,4
spotify:track:3jWHRJR4PZQ82aPfvUGN2C,"Inolvidable","Inolvidable","ANA",2021-01-21,182886,19,false,31dq4luwyyayzo77iyrpccbntziu,2026-08-10T20:14:34Z,"","Leful",0.551,0.619,1,-11.025,1,0.104,0.892,0.031,0.11,0.227,123.865,4
spotify:track:4WENg1XF2nzoaP8cWbfLNQ,"Tiempo al Tiempo","Tiempo al Tiempo","ANA",2021-04-27,192000,4,false,31dq4luwyyayzo77iyrpccbntziu,2026-08-10T20:14:38Z,"","Leful",0.743,0.533,11,-9.359,0,0.0553,0.941,0.387,0.11,0.465,119.787,4
spotify:track:7jOfza5OXWyZ8KiHydNiAn,"Veintitrés","Veintitrés","ANA",2020-07-18,136645,26,false,31dq4luwyyayzo77iyrpccbntziu,2026-08-10T20:32:19Z,"","Leful",0.726,0.573,8,-11.666,1,0.239,0.858,0,0.134,0.159,116.739,4
spotify:track:5lsjzMTRVRGM0Ii6yjPs20,"Todo Tiene Un Fin...","Todo Tiene Un Fin...","ANA",2022-06-24,201230,19,false,31dq4luwyyayzo77iyrpccbntziu,2026-08-10T20:32:24Z,"","Leful",0.693,0.336,7,-11.482,1,0.1,0.872,0,0.0819,0.807,79.768,4
spotify:track:6PZDodrOGSwTAKAYL0tsU0,"Pregunta y respuesta","Anatomía del sentimiento","Brock Ansiolitiko;Clara",2018-03-09,204000,52,false,31dq4luwyyayzo77iyrpccbntziu,2026-08-21T23:16:37Z,"electro swing,swing","La Cupula Music",0.635,0.29,7,-18.782,0,0.094,0.673,0.0777,0.111,0.0399,124.011,4
spotify:track:1IyWpxdQ3jQRzIuKEk1Q96,"Mejor enemigo","Anatomía del sentimiento","Brock Ansiolitiko;Dante",2018-03-09,168232,30,false,31dq4luwyyayzo77iyrpccbntziu,2026-09-05T22:02:38Z,"","La Cupula Music",0.747,0.758,7,-7.672,1,0.295,0.756,0,0.248,0.656,94.938,4
spotify:track:2wCshHkIlUq5aCuIz3RTe1,"MALA AMIGA","MALA AMIGA","cler",2025-08-13,188933,4,false,31dq4luwyyayzo77iyrpccbntziu,2026-09-05T22:02:49Z,"","Cler Music",0.765,0.439,8,-9.709,1,0.0521,0.243,0.000466,0.123,0.0749,100.009,4
spotify:track:2NWskcKqcLeq1UTvyPQ5AX,"fucking vaga","fucking vaga","cler",2022-08-12,171089,3,false,31dq4luwyyayzo77iyrpccbntziu,2026-09-05T22:03:01Z,"","Cler Music",0.774,0.611,7,-7.263,1,0.0647,0.217,0.0001,0.134,0.292,101.022,4
spotify:track:3wQ9cpxU579swpRzgkmxeu,"Harto","Harto","Owner DRT;PROD BY SWEET",2026-07-24,122181,35,false,31dq4luwyyayzo77iyrpccbntziu,2026-09-05T22:03:09Z,"","Owner DRT",0.632,0.843,8,-7.555,1,0.0579,0.0926,0,0.336,0.658,164.915,4
spotify:track:6vwljQYOYph3XDEoh0wk2Q,"Renfe","Hensito","Hens",2021-05-21,182439,38,false,31dq4luwyyayzo77iyrpccbntziu,2026-09-05T22:03:15Z,"","Sony Music Entertainment",0.622,0.821,2,-5.094,1,0.0377,0.333,0,0.0642,0.274,123.095,4
spotify:track:1pi0lh1zCQkCB3J2vPkR5e,"Hasta Siempre","Hasta Siempre","ANA",2023-01-27,154504,3,false,31dq4luwyyayzo77iyrpccbntziu,2026-09-06T10:07:29Z,"","ANA",0.457,0.702,1,-10.323,1,0.0551,0.861,0.000818,0.143,0.879,82.996,3
